dataset,model,miss_cost,fp_cost,explain_cost,missed,false_alarms,detected,total_cost
cmapss_fd001,matched_tcn,10,0.5,0.0,2,2,23,21.0
cmapss_fd001,matched_tcn,10,0.5,0.25,2,2,23,21.0
cmapss_fd001,matched_tcn,10,0.5,0.5,2,2,23,21.0
cmapss_fd001,matched_tcn,10,0.5,1.0,2,2,23,21.0
cmapss_fd001,matched_tcn,10,0.5,2.0,2,2,23,21.0
cmapss_fd001,matched_tcn,10,0.5,5.0,2,2,23,21.0
cmapss_fd001,full_mc,10,0.5,0.0,1,2,24,11.0
cmapss_fd001,full_mc,10,0.5,0.25,1,2,24,17.5
cmapss_fd001,full_mc,10,0.5,0.5,1,2,24,24.0
cmapss_fd001,full_mc,10,0.5,1.0,1,2,24,37.0
cmapss_fd001,full_mc,10,0.5,2.0,1,2,24,63.0
cmapss_fd001,full_mc,10,0.5,5.0,1,2,24,141.0
cmapss_fd001,lite_mc,10,0.5,0.0,4,2,21,41.0
cmapss_fd001,lite_mc,10,0.5,0.25,4,2,21,46.75
cmapss_fd001,lite_mc,10,0.5,0.5,4,2,21,52.5
cmapss_fd001,lite_mc,10,0.5,1.0,4,2,21,64.0
cmapss_fd001,lite_mc,10,0.5,2.0,4,2,21,87.0
cmapss_fd001,lite_mc,10,0.5,5.0,4,2,21,156.0
cmapss_fd001,lite_no_attn_mc,10,0.5,0.0,1,3,24,11.5
cmapss_fd001,lite_no_attn_mc,10,0.5,0.25,1,3,24,11.5
cmapss_fd001,lite_no_attn_mc,10,0.5,0.5,1,3,24,11.5
cmapss_fd001,lite_no_attn_mc,10,0.5,1.0,1,3,24,11.5
cmapss_fd001,lite_no_attn_mc,10,0.5,2.0,1,3,24,11.5
cmapss_fd001,lite_no_attn_mc,10,0.5,5.0,1,3,24,11.5
cmapss_fd001,lite_no_mc,10,0.5,0.0,4,2,21,41.0
cmapss_fd001,lite_no_mc,10,0.5,0.25,4,2,21,46.75
cmapss_fd001,lite_no_mc,10,0.5,0.5,4,2,21,52.5
cmapss_fd001,lite_no_mc,10,0.5,1.0,4,2,21,64.0
cmapss_fd001,lite_no_mc,10,0.5,2.0,4,2,21,87.0
cmapss_fd001,lite_no_mc,10,0.5,5.0,4,2,21,156.0
cmapss_fd001,matched_tcn,10,1.0,0.0,2,2,23,22.0
cmapss_fd001,matched_tcn,10,1.0,0.25,2,2,23,22.0
cmapss_fd001,matched_tcn,10,1.0,0.5,2,2,23,22.0
cmapss_fd001,matched_tcn,10,1.0,1.0,2,2,23,22.0
cmapss_fd001,matched_tcn,10,1.0,2.0,2,2,23,22.0
cmapss_fd001,matched_tcn,10,1.0,5.0,2,2,23,22.0
cmapss_fd001,full_mc,10,1.0,0.0,1,2,24,12.0
cmapss_fd001,full_mc,10,1.0,0.25,1,2,24,18.5
cmapss_fd001,full_mc,10,1.0,0.5,1,2,24,25.0
cmapss_fd001,full_mc,10,1.0,1.0,1,2,24,38.0
cmapss_fd001,full_mc,10,1.0,2.0,1,2,24,64.0
cmapss_fd001,full_mc,10,1.0,5.0,1,2,24,142.0
cmapss_fd001,lite_mc,10,1.0,0.0,4,2,21,42.0
cmapss_fd001,lite_mc,10,1.0,0.25,4,2,21,47.75
cmapss_fd001,lite_mc,10,1.0,0.5,4,2,21,53.5
cmapss_fd001,lite_mc,10,1.0,1.0,4,2,21,65.0
cmapss_fd001,lite_mc,10,1.0,2.0,4,2,21,88.0
cmapss_fd001,lite_mc,10,1.0,5.0,4,2,21,157.0
cmapss_fd001,lite_no_attn_mc,10,1.0,0.0,1,3,24,13.0
cmapss_fd001,lite_no_attn_mc,10,1.0,0.25,1,3,24,13.0
cmapss_fd001,lite_no_attn_mc,10,1.0,0.5,1,3,24,13.0
cmapss_fd001,lite_no_attn_mc,10,1.0,1.0,1,3,24,13.0
cmapss_fd001,lite_no_attn_mc,10,1.0,2.0,1,3,24,13.0
cmapss_fd001,lite_no_attn_mc,10,1.0,5.0,1,3,24,13.0
cmapss_fd001,lite_no_mc,10,1.0,0.0,4,2,21,42.0
cmapss_fd001,lite_no_mc,10,1.0,0.25,4,2,21,47.75
cmapss_fd001,lite_no_mc,10,1.0,0.5,4,2,21,53.5
cmapss_fd001,lite_no_mc,10,1.0,1.0,4,2,21,65.0
cmapss_fd001,lite_no_mc,10,1.0,2.0,4,2,21,88.0
cmapss_fd001,lite_no_mc,10,1.0,5.0,4,2,21,157.0
cmapss_fd001,matched_tcn,10,2.0,0.0,2,2,23,24.0
cmapss_fd001,matched_tcn,10,2.0,0.25,2,2,23,24.0
cmapss_fd001,matched_tcn,10,2.0,0.5,2,2,23,24.0
cmapss_fd001,matched_tcn,10,2.0,1.0,2,2,23,24.0
cmapss_fd001,matched_tcn,10,2.0,2.0,2,2,23,24.0
cmapss_fd001,matched_tcn,10,2.0,5.0,2,2,23,24.0
cmapss_fd001,full_mc,10,2.0,0.0,1,2,24,14.0
cmapss_fd001,full_mc,10,2.0,0.25,1,2,24,20.5
cmapss_fd001,full_mc,10,2.0,0.5,1,2,24,27.0
cmapss_fd001,full_mc,10,2.0,1.0,1,2,24,40.0
cmapss_fd001,full_mc,10,2.0,2.0,1,2,24,66.0
cmapss_fd001,full_mc,10,2.0,5.0,1,2,24,144.0
cmapss_fd001,lite_mc,10,2.0,0.0,4,2,21,44.0
cmapss_fd001,lite_mc,10,2.0,0.25,4,2,21,49.75
cmapss_fd001,lite_mc,10,2.0,0.5,4,2,21,55.5
cmapss_fd001,lite_mc,10,2.0,1.0,4,2,21,67.0
cmapss_fd001,lite_mc,10,2.0,2.0,4,2,21,90.0
cmapss_fd001,lite_mc,10,2.0,5.0,4,2,21,159.0
cmapss_fd001,lite_no_attn_mc,10,2.0,0.0,1,3,24,16.0
cmapss_fd001,lite_no_attn_mc,10,2.0,0.25,1,3,24,16.0
cmapss_fd001,lite_no_attn_mc,10,2.0,0.5,1,3,24,16.0
cmapss_fd001,lite_no_attn_mc,10,2.0,1.0,1,3,24,16.0
cmapss_fd001,lite_no_attn_mc,10,2.0,2.0,1,3,24,16.0
cmapss_fd001,lite_no_attn_mc,10,2.0,5.0,1,3,24,16.0
cmapss_fd001,lite_no_mc,10,2.0,0.0,4,2,21,44.0
cmapss_fd001,lite_no_mc,10,2.0,0.25,4,2,21,49.75
cmapss_fd001,lite_no_mc,10,2.0,0.5,4,2,21,55.5
cmapss_fd001,lite_no_mc,10,2.0,1.0,4,2,21,67.0
cmapss_fd001,lite_no_mc,10,2.0,2.0,4,2,21,90.0
cmapss_fd001,lite_no_mc,10,2.0,5.0,4,2,21,159.0
cmapss_fd001,matched_tcn,10,5.0,0.0,2,2,23,30.0
cmapss_fd001,matched_tcn,10,5.0,0.25,2,2,23,30.0
cmapss_fd001,matched_tcn,10,5.0,0.5,2,2,23,30.0
cmapss_fd001,matched_tcn,10,5.0,1.0,2,2,23,30.0
cmapss_fd001,matched_tcn,10,5.0,2.0,2,2,23,30.0
cmapss_fd001,matched_tcn,10,5.0,5.0,2,2,23,30.0
cmapss_fd001,full_mc,10,5.0,0.0,1,2,24,20.0
cmapss_fd001,full_mc,10,5.0,0.25,1,2,24,26.5
cmapss_fd001,full_mc,10,5.0,0.5,1,2,24,33.0
cmapss_fd001,full_mc,10,5.0,1.0,1,2,24,46.0
cmapss_fd001,full_mc,10,5.0,2.0,1,2,24,72.0
cmapss_fd001,full_mc,10,5.0,5.0,1,2,24,150.0
cmapss_fd001,lite_mc,10,5.0,0.0,4,2,21,50.0
cmapss_fd001,lite_mc,10,5.0,0.25,4,2,21,55.75
cmapss_fd001,lite_mc,10,5.0,0.5,4,2,21,61.5
cmapss_fd001,lite_mc,10,5.0,1.0,4,2,21,73.0
cmapss_fd001,lite_mc,10,5.0,2.0,4,2,21,96.0
cmapss_fd001,lite_mc,10,5.0,5.0,4,2,21,165.0
cmapss_fd001,lite_no_attn_mc,10,5.0,0.0,1,3,24,25.0
cmapss_fd001,lite_no_attn_mc,10,5.0,0.25,1,3,24,25.0
cmapss_fd001,lite_no_attn_mc,10,5.0,0.5,1,3,24,25.0
cmapss_fd001,lite_no_attn_mc,10,5.0,1.0,1,3,24,25.0
cmapss_fd001,lite_no_attn_mc,10,5.0,2.0,1,3,24,25.0
cmapss_fd001,lite_no_attn_mc,10,5.0,5.0,1,3,24,25.0
cmapss_fd001,lite_no_mc,10,5.0,0.0,4,2,21,50.0
cmapss_fd001,lite_no_mc,10,5.0,0.25,4,2,21,55.75
cmapss_fd001,lite_no_mc,10,5.0,0.5,4,2,21,61.5
cmapss_fd001,lite_no_mc,10,5.0,1.0,4,2,21,73.0
cmapss_fd001,lite_no_mc,10,5.0,2.0,4,2,21,96.0
cmapss_fd001,lite_no_mc,10,5.0,5.0,4,2,21,165.0
cmapss_fd001,matched_tcn,50,0.5,0.0,2,2,23,101.0
cmapss_fd001,matched_tcn,50,0.5,0.25,2,2,23,101.0
cmapss_fd001,matched_tcn,50,0.5,0.5,2,2,23,101.0
cmapss_fd001,matched_tcn,50,0.5,1.0,2,2,23,101.0
cmapss_fd001,matched_tcn,50,0.5,2.0,2,2,23,101.0
cmapss_fd001,matched_tcn,50,0.5,5.0,2,2,23,101.0
cmapss_fd001,full_mc,50,0.5,0.0,1,2,24,51.0
cmapss_fd001,full_mc,50,0.5,0.25,1,2,24,57.5
cmapss_fd001,full_mc,50,0.5,0.5,1,2,24,64.0
cmapss_fd001,full_mc,50,0.5,1.0,1,2,24,77.0
cmapss_fd001,full_mc,50,0.5,2.0,1,2,24,103.0
cmapss_fd001,full_mc,50,0.5,5.0,1,2,24,181.0
cmapss_fd001,lite_mc,50,0.5,0.0,4,2,21,201.0
cmapss_fd001,lite_mc,50,0.5,0.25,4,2,21,206.75
cmapss_fd001,lite_mc,50,0.5,0.5,4,2,21,212.5
cmapss_fd001,lite_mc,50,0.5,1.0,4,2,21,224.0
cmapss_fd001,lite_mc,50,0.5,2.0,4,2,21,247.0
cmapss_fd001,lite_mc,50,0.5,5.0,4,2,21,316.0
cmapss_fd001,lite_no_attn_mc,50,0.5,0.0,1,3,24,51.5
cmapss_fd001,lite_no_attn_mc,50,0.5,0.25,1,3,24,51.5
cmapss_fd001,lite_no_attn_mc,50,0.5,0.5,1,3,24,51.5
cmapss_fd001,lite_no_attn_mc,50,0.5,1.0,1,3,24,51.5
cmapss_fd001,lite_no_attn_mc,50,0.5,2.0,1,3,24,51.5
cmapss_fd001,lite_no_attn_mc,50,0.5,5.0,1,3,24,51.5
cmapss_fd001,lite_no_mc,50,0.5,0.0,4,2,21,201.0
cmapss_fd001,lite_no_mc,50,0.5,0.25,4,2,21,206.75
cmapss_fd001,lite_no_mc,50,0.5,0.5,4,2,21,212.5
cmapss_fd001,lite_no_mc,50,0.5,1.0,4,2,21,224.0
cmapss_fd001,lite_no_mc,50,0.5,2.0,4,2,21,247.0
cmapss_fd001,lite_no_mc,50,0.5,5.0,4,2,21,316.0
cmapss_fd001,matched_tcn,50,1.0,0.0,2,2,23,102.0
cmapss_fd001,matched_tcn,50,1.0,0.25,2,2,23,102.0
cmapss_fd001,matched_tcn,50,1.0,0.5,2,2,23,102.0
cmapss_fd001,matched_tcn,50,1.0,1.0,2,2,23,102.0
cmapss_fd001,matched_tcn,50,1.0,2.0,2,2,23,102.0
cmapss_fd001,matched_tcn,50,1.0,5.0,2,2,23,102.0
cmapss_fd001,full_mc,50,1.0,0.0,1,2,24,52.0
cmapss_fd001,full_mc,50,1.0,0.25,1,2,24,58.5
cmapss_fd001,full_mc,50,1.0,0.5,1,2,24,65.0
cmapss_fd001,full_mc,50,1.0,1.0,1,2,24,78.0
cmapss_fd001,full_mc,50,1.0,2.0,1,2,24,104.0
cmapss_fd001,full_mc,50,1.0,5.0,1,2,24,182.0
cmapss_fd001,lite_mc,50,1.0,0.0,4,2,21,202.0
cmapss_fd001,lite_mc,50,1.0,0.25,4,2,21,207.75
cmapss_fd001,lite_mc,50,1.0,0.5,4,2,21,213.5
cmapss_fd001,lite_mc,50,1.0,1.0,4,2,21,225.0
cmapss_fd001,lite_mc,50,1.0,2.0,4,2,21,248.0
cmapss_fd001,lite_mc,50,1.0,5.0,4,2,21,317.0
cmapss_fd001,lite_no_attn_mc,50,1.0,0.0,1,3,24,53.0
cmapss_fd001,lite_no_attn_mc,50,1.0,0.25,1,3,24,53.0
cmapss_fd001,lite_no_attn_mc,50,1.0,0.5,1,3,24,53.0
cmapss_fd001,lite_no_attn_mc,50,1.0,1.0,1,3,24,53.0
cmapss_fd001,lite_no_attn_mc,50,1.0,2.0,1,3,24,53.0
cmapss_fd001,lite_no_attn_mc,50,1.0,5.0,1,3,24,53.0
cmapss_fd001,lite_no_mc,50,1.0,0.0,4,2,21,202.0
cmapss_fd001,lite_no_mc,50,1.0,0.25,4,2,21,207.75
cmapss_fd001,lite_no_mc,50,1.0,0.5,4,2,21,213.5
cmapss_fd001,lite_no_mc,50,1.0,1.0,4,2,21,225.0
cmapss_fd001,lite_no_mc,50,1.0,2.0,4,2,21,248.0
cmapss_fd001,lite_no_mc,50,1.0,5.0,4,2,21,317.0
cmapss_fd001,matched_tcn,50,2.0,0.0,2,2,23,104.0
cmapss_fd001,matched_tcn,50,2.0,0.25,2,2,23,104.0
cmapss_fd001,matched_tcn,50,2.0,0.5,2,2,23,104.0
cmapss_fd001,matched_tcn,50,2.0,1.0,2,2,23,104.0
cmapss_fd001,matched_tcn,50,2.0,2.0,2,2,23,104.0
cmapss_fd001,matched_tcn,50,2.0,5.0,2,2,23,104.0
cmapss_fd001,full_mc,50,2.0,0.0,1,2,24,54.0
cmapss_fd001,full_mc,50,2.0,0.25,1,2,24,60.5
cmapss_fd001,full_mc,50,2.0,0.5,1,2,24,67.0
cmapss_fd001,full_mc,50,2.0,1.0,1,2,24,80.0
cmapss_fd001,full_mc,50,2.0,2.0,1,2,24,106.0
cmapss_fd001,full_mc,50,2.0,5.0,1,2,24,184.0
cmapss_fd001,lite_mc,50,2.0,0.0,4,2,21,204.0
cmapss_fd001,lite_mc,50,2.0,0.25,4,2,21,209.75
cmapss_fd001,lite_mc,50,2.0,0.5,4,2,21,215.5
cmapss_fd001,lite_mc,50,2.0,1.0,4,2,21,227.0
cmapss_fd001,lite_mc,50,2.0,2.0,4,2,21,250.0
cmapss_fd001,lite_mc,50,2.0,5.0,4,2,21,319.0
cmapss_fd001,lite_no_attn_mc,50,2.0,0.0,1,3,24,56.0
cmapss_fd001,lite_no_attn_mc,50,2.0,0.25,1,3,24,56.0
cmapss_fd001,lite_no_attn_mc,50,2.0,0.5,1,3,24,56.0
cmapss_fd001,lite_no_attn_mc,50,2.0,1.0,1,3,24,56.0
cmapss_fd001,lite_no_attn_mc,50,2.0,2.0,1,3,24,56.0
cmapss_fd001,lite_no_attn_mc,50,2.0,5.0,1,3,24,56.0
cmapss_fd001,lite_no_mc,50,2.0,0.0,4,2,21,204.0
cmapss_fd001,lite_no_mc,50,2.0,0.25,4,2,21,209.75
cmapss_fd001,lite_no_mc,50,2.0,0.5,4,2,21,215.5
cmapss_fd001,lite_no_mc,50,2.0,1.0,4,2,21,227.0
cmapss_fd001,lite_no_mc,50,2.0,2.0,4,2,21,250.0
cmapss_fd001,lite_no_mc,50,2.0,5.0,4,2,21,319.0
cmapss_fd001,matched_tcn,50,5.0,0.0,2,2,23,110.0
cmapss_fd001,matched_tcn,50,5.0,0.25,2,2,23,110.0
cmapss_fd001,matched_tcn,50,5.0,0.5,2,2,23,110.0
cmapss_fd001,matched_tcn,50,5.0,1.0,2,2,23,110.0
cmapss_fd001,matched_tcn,50,5.0,2.0,2,2,23,110.0
cmapss_fd001,matched_tcn,50,5.0,5.0,2,2,23,110.0
cmapss_fd001,full_mc,50,5.0,0.0,1,2,24,60.0
cmapss_fd001,full_mc,50,5.0,0.25,1,2,24,66.5
cmapss_fd001,full_mc,50,5.0,0.5,1,2,24,73.0
cmapss_fd001,full_mc,50,5.0,1.0,1,2,24,86.0
cmapss_fd001,full_mc,50,5.0,2.0,1,2,24,112.0
cmapss_fd001,full_mc,50,5.0,5.0,1,2,24,190.0
cmapss_fd001,lite_mc,50,5.0,0.0,4,2,21,210.0
cmapss_fd001,lite_mc,50,5.0,0.25,4,2,21,215.75
cmapss_fd001,lite_mc,50,5.0,0.5,4,2,21,221.5
cmapss_fd001,lite_mc,50,5.0,1.0,4,2,21,233.0
cmapss_fd001,lite_mc,50,5.0,2.0,4,2,21,256.0
cmapss_fd001,lite_mc,50,5.0,5.0,4,2,21,325.0
cmapss_fd001,lite_no_attn_mc,50,5.0,0.0,1,3,24,65.0
cmapss_fd001,lite_no_attn_mc,50,5.0,0.25,1,3,24,65.0
cmapss_fd001,lite_no_attn_mc,50,5.0,0.5,1,3,24,65.0
cmapss_fd001,lite_no_attn_mc,50,5.0,1.0,1,3,24,65.0
cmapss_fd001,lite_no_attn_mc,50,5.0,2.0,1,3,24,65.0
cmapss_fd001,lite_no_attn_mc,50,5.0,5.0,1,3,24,65.0
cmapss_fd001,lite_no_mc,50,5.0,0.0,4,2,21,210.0
cmapss_fd001,lite_no_mc,50,5.0,0.25,4,2,21,215.75
cmapss_fd001,lite_no_mc,50,5.0,0.5,4,2,21,221.5
cmapss_fd001,lite_no_mc,50,5.0,1.0,4,2,21,233.0
cmapss_fd001,lite_no_mc,50,5.0,2.0,4,2,21,256.0
cmapss_fd001,lite_no_mc,50,5.0,5.0,4,2,21,325.0
cmapss_fd001,matched_tcn,100,0.5,0.0,2,2,23,201.0
cmapss_fd001,matched_tcn,100,0.5,0.25,2,2,23,201.0
cmapss_fd001,matched_tcn,100,0.5,0.5,2,2,23,201.0
cmapss_fd001,matched_tcn,100,0.5,1.0,2,2,23,201.0
cmapss_fd001,matched_tcn,100,0.5,2.0,2,2,23,201.0
cmapss_fd001,matched_tcn,100,0.5,5.0,2,2,23,201.0
cmapss_fd001,full_mc,100,0.5,0.0,1,2,24,101.0
cmapss_fd001,full_mc,100,0.5,0.25,1,2,24,107.5
cmapss_fd001,full_mc,100,0.5,0.5,1,2,24,114.0
cmapss_fd001,full_mc,100,0.5,1.0,1,2,24,127.0
cmapss_fd001,full_mc,100,0.5,2.0,1,2,24,153.0
cmapss_fd001,full_mc,100,0.5,5.0,1,2,24,231.0
cmapss_fd001,lite_mc,100,0.5,0.0,4,2,21,401.0
cmapss_fd001,lite_mc,100,0.5,0.25,4,2,21,406.75
cmapss_fd001,lite_mc,100,0.5,0.5,4,2,21,412.5
cmapss_fd001,lite_mc,100,0.5,1.0,4,2,21,424.0
cmapss_fd001,lite_mc,100,0.5,2.0,4,2,21,447.0
cmapss_fd001,lite_mc,100,0.5,5.0,4,2,21,516.0
cmapss_fd001,lite_no_attn_mc,100,0.5,0.0,1,3,24,101.5
cmapss_fd001,lite_no_attn_mc,100,0.5,0.25,1,3,24,101.5
cmapss_fd001,lite_no_attn_mc,100,0.5,0.5,1,3,24,101.5
cmapss_fd001,lite_no_attn_mc,100,0.5,1.0,1,3,24,101.5
cmapss_fd001,lite_no_attn_mc,100,0.5,2.0,1,3,24,101.5
cmapss_fd001,lite_no_attn_mc,100,0.5,5.0,1,3,24,101.5
cmapss_fd001,lite_no_mc,100,0.5,0.0,4,2,21,401.0
cmapss_fd001,lite_no_mc,100,0.5,0.25,4,2,21,406.75
cmapss_fd001,lite_no_mc,100,0.5,0.5,4,2,21,412.5
cmapss_fd001,lite_no_mc,100,0.5,1.0,4,2,21,424.0
cmapss_fd001,lite_no_mc,100,0.5,2.0,4,2,21,447.0
cmapss_fd001,lite_no_mc,100,0.5,5.0,4,2,21,516.0
cmapss_fd001,matched_tcn,100,1.0,0.0,2,2,23,202.0
cmapss_fd001,matched_tcn,100,1.0,0.25,2,2,23,202.0
cmapss_fd001,matched_tcn,100,1.0,0.5,2,2,23,202.0
cmapss_fd001,matched_tcn,100,1.0,1.0,2,2,23,202.0
cmapss_fd001,matched_tcn,100,1.0,2.0,2,2,23,202.0
cmapss_fd001,matched_tcn,100,1.0,5.0,2,2,23,202.0
cmapss_fd001,full_mc,100,1.0,0.0,1,2,24,102.0
cmapss_fd001,full_mc,100,1.0,0.25,1,2,24,108.5
cmapss_fd001,full_mc,100,1.0,0.5,1,2,24,115.0
cmapss_fd001,full_mc,100,1.0,1.0,1,2,24,128.0
cmapss_fd001,full_mc,100,1.0,2.0,1,2,24,154.0
cmapss_fd001,full_mc,100,1.0,5.0,1,2,24,232.0
cmapss_fd001,lite_mc,100,1.0,0.0,4,2,21,402.0
cmapss_fd001,lite_mc,100,1.0,0.25,4,2,21,407.75
cmapss_fd001,lite_mc,100,1.0,0.5,4,2,21,413.5
cmapss_fd001,lite_mc,100,1.0,1.0,4,2,21,425.0
cmapss_fd001,lite_mc,100,1.0,2.0,4,2,21,448.0
cmapss_fd001,lite_mc,100,1.0,5.0,4,2,21,517.0
cmapss_fd001,lite_no_attn_mc,100,1.0,0.0,1,3,24,103.0
cmapss_fd001,lite_no_attn_mc,100,1.0,0.25,1,3,24,103.0
cmapss_fd001,lite_no_attn_mc,100,1.0,0.5,1,3,24,103.0
cmapss_fd001,lite_no_attn_mc,100,1.0,1.0,1,3,24,103.0
cmapss_fd001,lite_no_attn_mc,100,1.0,2.0,1,3,24,103.0
cmapss_fd001,lite_no_attn_mc,100,1.0,5.0,1,3,24,103.0
cmapss_fd001,lite_no_mc,100,1.0,0.0,4,2,21,402.0
cmapss_fd001,lite_no_mc,100,1.0,0.25,4,2,21,407.75
cmapss_fd001,lite_no_mc,100,1.0,0.5,4,2,21,413.5
cmapss_fd001,lite_no_mc,100,1.0,1.0,4,2,21,425.0
cmapss_fd001,lite_no_mc,100,1.0,2.0,4,2,21,448.0
cmapss_fd001,lite_no_mc,100,1.0,5.0,4,2,21,517.0
cmapss_fd001,matched_tcn,100,2.0,0.0,2,2,23,204.0
cmapss_fd001,matched_tcn,100,2.0,0.25,2,2,23,204.0
cmapss_fd001,matched_tcn,100,2.0,0.5,2,2,23,204.0
cmapss_fd001,matched_tcn,100,2.0,1.0,2,2,23,204.0
cmapss_fd001,matched_tcn,100,2.0,2.0,2,2,23,204.0
cmapss_fd001,matched_tcn,100,2.0,5.0,2,2,23,204.0
cmapss_fd001,full_mc,100,2.0,0.0,1,2,24,104.0
cmapss_fd001,full_mc,100,2.0,0.25,1,2,24,110.5
cmapss_fd001,full_mc,100,2.0,0.5,1,2,24,117.0
cmapss_fd001,full_mc,100,2.0,1.0,1,2,24,130.0
cmapss_fd001,full_mc,100,2.0,2.0,1,2,24,156.0
cmapss_fd001,full_mc,100,2.0,5.0,1,2,24,234.0
cmapss_fd001,lite_mc,100,2.0,0.0,4,2,21,404.0
cmapss_fd001,lite_mc,100,2.0,0.25,4,2,21,409.75
cmapss_fd001,lite_mc,100,2.0,0.5,4,2,21,415.5
cmapss_fd001,lite_mc,100,2.0,1.0,4,2,21,427.0
cmapss_fd001,lite_mc,100,2.0,2.0,4,2,21,450.0
cmapss_fd001,lite_mc,100,2.0,5.0,4,2,21,519.0
cmapss_fd001,lite_no_attn_mc,100,2.0,0.0,1,3,24,106.0
cmapss_fd001,lite_no_attn_mc,100,2.0,0.25,1,3,24,106.0
cmapss_fd001,lite_no_attn_mc,100,2.0,0.5,1,3,24,106.0
cmapss_fd001,lite_no_attn_mc,100,2.0,1.0,1,3,24,106.0
cmapss_fd001,lite_no_attn_mc,100,2.0,2.0,1,3,24,106.0
cmapss_fd001,lite_no_attn_mc,100,2.0,5.0,1,3,24,106.0
cmapss_fd001,lite_no_mc,100,2.0,0.0,4,2,21,404.0
cmapss_fd001,lite_no_mc,100,2.0,0.25,4,2,21,409.75
cmapss_fd001,lite_no_mc,100,2.0,0.5,4,2,21,415.5
cmapss_fd001,lite_no_mc,100,2.0,1.0,4,2,21,427.0
cmapss_fd001,lite_no_mc,100,2.0,2.0,4,2,21,450.0
cmapss_fd001,lite_no_mc,100,2.0,5.0,4,2,21,519.0
cmapss_fd001,matched_tcn,100,5.0,0.0,2,2,23,210.0
cmapss_fd001,matched_tcn,100,5.0,0.25,2,2,23,210.0
cmapss_fd001,matched_tcn,100,5.0,0.5,2,2,23,210.0
cmapss_fd001,matched_tcn,100,5.0,1.0,2,2,23,210.0
cmapss_fd001,matched_tcn,100,5.0,2.0,2,2,23,210.0
cmapss_fd001,matched_tcn,100,5.0,5.0,2,2,23,210.0
cmapss_fd001,full_mc,100,5.0,0.0,1,2,24,110.0
cmapss_fd001,full_mc,100,5.0,0.25,1,2,24,116.5
cmapss_fd001,full_mc,100,5.0,0.5,1,2,24,123.0
cmapss_fd001,full_mc,100,5.0,1.0,1,2,24,136.0
cmapss_fd001,full_mc,100,5.0,2.0,1,2,24,162.0
cmapss_fd001,full_mc,100,5.0,5.0,1,2,24,240.0
cmapss_fd001,lite_mc,100,5.0,0.0,4,2,21,410.0
cmapss_fd001,lite_mc,100,5.0,0.25,4,2,21,415.75
cmapss_fd001,lite_mc,100,5.0,0.5,4,2,21,421.5
cmapss_fd001,lite_mc,100,5.0,1.0,4,2,21,433.0
cmapss_fd001,lite_mc,100,5.0,2.0,4,2,21,456.0
cmapss_fd001,lite_mc,100,5.0,5.0,4,2,21,525.0
cmapss_fd001,lite_no_attn_mc,100,5.0,0.0,1,3,24,115.0
cmapss_fd001,lite_no_attn_mc,100,5.0,0.25,1,3,24,115.0
cmapss_fd001,lite_no_attn_mc,100,5.0,0.5,1,3,24,115.0
cmapss_fd001,lite_no_attn_mc,100,5.0,1.0,1,3,24,115.0
cmapss_fd001,lite_no_attn_mc,100,5.0,2.0,1,3,24,115.0
cmapss_fd001,lite_no_attn_mc,100,5.0,5.0,1,3,24,115.0
cmapss_fd001,lite_no_mc,100,5.0,0.0,4,2,21,410.0
cmapss_fd001,lite_no_mc,100,5.0,0.25,4,2,21,415.75
cmapss_fd001,lite_no_mc,100,5.0,0.5,4,2,21,421.5
cmapss_fd001,lite_no_mc,100,5.0,1.0,4,2,21,433.0
cmapss_fd001,lite_no_mc,100,5.0,2.0,4,2,21,456.0
cmapss_fd001,lite_no_mc,100,5.0,5.0,4,2,21,525.0
cmapss_fd001,matched_tcn,500,0.5,0.0,2,2,23,1001.0
cmapss_fd001,matched_tcn,500,0.5,0.25,2,2,23,1001.0
cmapss_fd001,matched_tcn,500,0.5,0.5,2,2,23,1001.0
cmapss_fd001,matched_tcn,500,0.5,1.0,2,2,23,1001.0
cmapss_fd001,matched_tcn,500,0.5,2.0,2,2,23,1001.0
cmapss_fd001,matched_tcn,500,0.5,5.0,2,2,23,1001.0
cmapss_fd001,full_mc,500,0.5,0.0,1,2,24,501.0
cmapss_fd001,full_mc,500,0.5,0.25,1,2,24,507.5
cmapss_fd001,full_mc,500,0.5,0.5,1,2,24,514.0
cmapss_fd001,full_mc,500,0.5,1.0,1,2,24,527.0
cmapss_fd001,full_mc,500,0.5,2.0,1,2,24,553.0
cmapss_fd001,full_mc,500,0.5,5.0,1,2,24,631.0
cmapss_fd001,lite_mc,500,0.5,0.0,4,2,21,2001.0
cmapss_fd001,lite_mc,500,0.5,0.25,4,2,21,2006.75
cmapss_fd001,lite_mc,500,0.5,0.5,4,2,21,2012.5
cmapss_fd001,lite_mc,500,0.5,1.0,4,2,21,2024.0
cmapss_fd001,lite_mc,500,0.5,2.0,4,2,21,2047.0
cmapss_fd001,lite_mc,500,0.5,5.0,4,2,21,2116.0
cmapss_fd001,lite_no_attn_mc,500,0.5,0.0,1,3,24,501.5
cmapss_fd001,lite_no_attn_mc,500,0.5,0.25,1,3,24,501.5
cmapss_fd001,lite_no_attn_mc,500,0.5,0.5,1,3,24,501.5
cmapss_fd001,lite_no_attn_mc,500,0.5,1.0,1,3,24,501.5
cmapss_fd001,lite_no_attn_mc,500,0.5,2.0,1,3,24,501.5
cmapss_fd001,lite_no_attn_mc,500,0.5,5.0,1,3,24,501.5
cmapss_fd001,lite_no_mc,500,0.5,0.0,4,2,21,2001.0
cmapss_fd001,lite_no_mc,500,0.5,0.25,4,2,21,2006.75
cmapss_fd001,lite_no_mc,500,0.5,0.5,4,2,21,2012.5
cmapss_fd001,lite_no_mc,500,0.5,1.0,4,2,21,2024.0
cmapss_fd001,lite_no_mc,500,0.5,2.0,4,2,21,2047.0
cmapss_fd001,lite_no_mc,500,0.5,5.0,4,2,21,2116.0
cmapss_fd001,matched_tcn,500,1.0,0.0,2,2,23,1002.0
cmapss_fd001,matched_tcn,500,1.0,0.25,2,2,23,1002.0
cmapss_fd001,matched_tcn,500,1.0,0.5,2,2,23,1002.0
cmapss_fd001,matched_tcn,500,1.0,1.0,2,2,23,1002.0
cmapss_fd001,matched_tcn,500,1.0,2.0,2,2,23,1002.0
cmapss_fd001,matched_tcn,500,1.0,5.0,2,2,23,1002.0
cmapss_fd001,full_mc,500,1.0,0.0,1,2,24,502.0
cmapss_fd001,full_mc,500,1.0,0.25,1,2,24,508.5
cmapss_fd001,full_mc,500,1.0,0.5,1,2,24,515.0
cmapss_fd001,full_mc,500,1.0,1.0,1,2,24,528.0
cmapss_fd001,full_mc,500,1.0,2.0,1,2,24,554.0
cmapss_fd001,full_mc,500,1.0,5.0,1,2,24,632.0
cmapss_fd001,lite_mc,500,1.0,0.0,4,2,21,2002.0
cmapss_fd001,lite_mc,500,1.0,0.25,4,2,21,2007.75
cmapss_fd001,lite_mc,500,1.0,0.5,4,2,21,2013.5
cmapss_fd001,lite_mc,500,1.0,1.0,4,2,21,2025.0
cmapss_fd001,lite_mc,500,1.0,2.0,4,2,21,2048.0
cmapss_fd001,lite_mc,500,1.0,5.0,4,2,21,2117.0
cmapss_fd001,lite_no_attn_mc,500,1.0,0.0,1,3,24,503.0
cmapss_fd001,lite_no_attn_mc,500,1.0,0.25,1,3,24,503.0
cmapss_fd001,lite_no_attn_mc,500,1.0,0.5,1,3,24,503.0
cmapss_fd001,lite_no_attn_mc,500,1.0,1.0,1,3,24,503.0
cmapss_fd001,lite_no_attn_mc,500,1.0,2.0,1,3,24,503.0
cmapss_fd001,lite_no_attn_mc,500,1.0,5.0,1,3,24,503.0
cmapss_fd001,lite_no_mc,500,1.0,0.0,4,2,21,2002.0
cmapss_fd001,lite_no_mc,500,1.0,0.25,4,2,21,2007.75
cmapss_fd001,lite_no_mc,500,1.0,0.5,4,2,21,2013.5
cmapss_fd001,lite_no_mc,500,1.0,1.0,4,2,21,2025.0
cmapss_fd001,lite_no_mc,500,1.0,2.0,4,2,21,2048.0
cmapss_fd001,lite_no_mc,500,1.0,5.0,4,2,21,2117.0
cmapss_fd001,matched_tcn,500,2.0,0.0,2,2,23,1004.0
cmapss_fd001,matched_tcn,500,2.0,0.25,2,2,23,1004.0
cmapss_fd001,matched_tcn,500,2.0,0.5,2,2,23,1004.0
cmapss_fd001,matched_tcn,500,2.0,1.0,2,2,23,1004.0
cmapss_fd001,matched_tcn,500,2.0,2.0,2,2,23,1004.0
cmapss_fd001,matched_tcn,500,2.0,5.0,2,2,23,1004.0
cmapss_fd001,full_mc,500,2.0,0.0,1,2,24,504.0
cmapss_fd001,full_mc,500,2.0,0.25,1,2,24,510.5
cmapss_fd001,full_mc,500,2.0,0.5,1,2,24,517.0
cmapss_fd001,full_mc,500,2.0,1.0,1,2,24,530.0
cmapss_fd001,full_mc,500,2.0,2.0,1,2,24,556.0
cmapss_fd001,full_mc,500,2.0,5.0,1,2,24,634.0
cmapss_fd001,lite_mc,500,2.0,0.0,4,2,21,2004.0
cmapss_fd001,lite_mc,500,2.0,0.25,4,2,21,2009.75
cmapss_fd001,lite_mc,500,2.0,0.5,4,2,21,2015.5
cmapss_fd001,lite_mc,500,2.0,1.0,4,2,21,2027.0
cmapss_fd001,lite_mc,500,2.0,2.0,4,2,21,2050.0
cmapss_fd001,lite_mc,500,2.0,5.0,4,2,21,2119.0
cmapss_fd001,lite_no_attn_mc,500,2.0,0.0,1,3,24,506.0
cmapss_fd001,lite_no_attn_mc,500,2.0,0.25,1,3,24,506.0
cmapss_fd001,lite_no_attn_mc,500,2.0,0.5,1,3,24,506.0
cmapss_fd001,lite_no_attn_mc,500,2.0,1.0,1,3,24,506.0
cmapss_fd001,lite_no_attn_mc,500,2.0,2.0,1,3,24,506.0
cmapss_fd001,lite_no_attn_mc,500,2.0,5.0,1,3,24,506.0
cmapss_fd001,lite_no_mc,500,2.0,0.0,4,2,21,2004.0
cmapss_fd001,lite_no_mc,500,2.0,0.25,4,2,21,2009.75
cmapss_fd001,lite_no_mc,500,2.0,0.5,4,2,21,2015.5
cmapss_fd001,lite_no_mc,500,2.0,1.0,4,2,21,2027.0
cmapss_fd001,lite_no_mc,500,2.0,2.0,4,2,21,2050.0
cmapss_fd001,lite_no_mc,500,2.0,5.0,4,2,21,2119.0
cmapss_fd001,matched_tcn,500,5.0,0.0,2,2,23,1010.0
cmapss_fd001,matched_tcn,500,5.0,0.25,2,2,23,1010.0
cmapss_fd001,matched_tcn,500,5.0,0.5,2,2,23,1010.0
cmapss_fd001,matched_tcn,500,5.0,1.0,2,2,23,1010.0
cmapss_fd001,matched_tcn,500,5.0,2.0,2,2,23,1010.0
cmapss_fd001,matched_tcn,500,5.0,5.0,2,2,23,1010.0
cmapss_fd001,full_mc,500,5.0,0.0,1,2,24,510.0
cmapss_fd001,full_mc,500,5.0,0.25,1,2,24,516.5
cmapss_fd001,full_mc,500,5.0,0.5,1,2,24,523.0
cmapss_fd001,full_mc,500,5.0,1.0,1,2,24,536.0
cmapss_fd001,full_mc,500,5.0,2.0,1,2,24,562.0
cmapss_fd001,full_mc,500,5.0,5.0,1,2,24,640.0
cmapss_fd001,lite_mc,500,5.0,0.0,4,2,21,2010.0
cmapss_fd001,lite_mc,500,5.0,0.25,4,2,21,2015.75
cmapss_fd001,lite_mc,500,5.0,0.5,4,2,21,2021.5
cmapss_fd001,lite_mc,500,5.0,1.0,4,2,21,2033.0
cmapss_fd001,lite_mc,500,5.0,2.0,4,2,21,2056.0
cmapss_fd001,lite_mc,500,5.0,5.0,4,2,21,2125.0
cmapss_fd001,lite_no_attn_mc,500,5.0,0.0,1,3,24,515.0
cmapss_fd001,lite_no_attn_mc,500,5.0,0.25,1,3,24,515.0
cmapss_fd001,lite_no_attn_mc,500,5.0,0.5,1,3,24,515.0
cmapss_fd001,lite_no_attn_mc,500,5.0,1.0,1,3,24,515.0
cmapss_fd001,lite_no_attn_mc,500,5.0,2.0,1,3,24,515.0
cmapss_fd001,lite_no_attn_mc,500,5.0,5.0,1,3,24,515.0
cmapss_fd001,lite_no_mc,500,5.0,0.0,4,2,21,2010.0
cmapss_fd001,lite_no_mc,500,5.0,0.25,4,2,21,2015.75
cmapss_fd001,lite_no_mc,500,5.0,0.5,4,2,21,2021.5
cmapss_fd001,lite_no_mc,500,5.0,1.0,4,2,21,2033.0
cmapss_fd001,lite_no_mc,500,5.0,2.0,4,2,21,2056.0
cmapss_fd001,lite_no_mc,500,5.0,5.0,4,2,21,2125.0
cmapss_fd001,matched_tcn,1000,0.5,0.0,2,2,23,2001.0
cmapss_fd001,matched_tcn,1000,0.5,0.25,2,2,23,2001.0
cmapss_fd001,matched_tcn,1000,0.5,0.5,2,2,23,2001.0
cmapss_fd001,matched_tcn,1000,0.5,1.0,2,2,23,2001.0
cmapss_fd001,matched_tcn,1000,0.5,2.0,2,2,23,2001.0
cmapss_fd001,matched_tcn,1000,0.5,5.0,2,2,23,2001.0
cmapss_fd001,full_mc,1000,0.5,0.0,1,2,24,1001.0
cmapss_fd001,full_mc,1000,0.5,0.25,1,2,24,1007.5
cmapss_fd001,full_mc,1000,0.5,0.5,1,2,24,1014.0
cmapss_fd001,full_mc,1000,0.5,1.0,1,2,24,1027.0
cmapss_fd001,full_mc,1000,0.5,2.0,1,2,24,1053.0
cmapss_fd001,full_mc,1000,0.5,5.0,1,2,24,1131.0
cmapss_fd001,lite_mc,1000,0.5,0.0,4,2,21,4001.0
cmapss_fd001,lite_mc,1000,0.5,0.25,4,2,21,4006.75
cmapss_fd001,lite_mc,1000,0.5,0.5,4,2,21,4012.5
cmapss_fd001,lite_mc,1000,0.5,1.0,4,2,21,4024.0
cmapss_fd001,lite_mc,1000,0.5,2.0,4,2,21,4047.0
cmapss_fd001,lite_mc,1000,0.5,5.0,4,2,21,4116.0
cmapss_fd001,lite_no_attn_mc,1000,0.5,0.0,1,3,24,1001.5
cmapss_fd001,lite_no_attn_mc,1000,0.5,0.25,1,3,24,1001.5
cmapss_fd001,lite_no_attn_mc,1000,0.5,0.5,1,3,24,1001.5
cmapss_fd001,lite_no_attn_mc,1000,0.5,1.0,1,3,24,1001.5
cmapss_fd001,lite_no_attn_mc,1000,0.5,2.0,1,3,24,1001.5
cmapss_fd001,lite_no_attn_mc,1000,0.5,5.0,1,3,24,1001.5
cmapss_fd001,lite_no_mc,1000,0.5,0.0,4,2,21,4001.0
cmapss_fd001,lite_no_mc,1000,0.5,0.25,4,2,21,4006.75
cmapss_fd001,lite_no_mc,1000,0.5,0.5,4,2,21,4012.5
cmapss_fd001,lite_no_mc,1000,0.5,1.0,4,2,21,4024.0
cmapss_fd001,lite_no_mc,1000,0.5,2.0,4,2,21,4047.0
cmapss_fd001,lite_no_mc,1000,0.5,5.0,4,2,21,4116.0
cmapss_fd001,matched_tcn,1000,1.0,0.0,2,2,23,2002.0
cmapss_fd001,matched_tcn,1000,1.0,0.25,2,2,23,2002.0
cmapss_fd001,matched_tcn,1000,1.0,0.5,2,2,23,2002.0
cmapss_fd001,matched_tcn,1000,1.0,1.0,2,2,23,2002.0
cmapss_fd001,matched_tcn,1000,1.0,2.0,2,2,23,2002.0
cmapss_fd001,matched_tcn,1000,1.0,5.0,2,2,23,2002.0
cmapss_fd001,full_mc,1000,1.0,0.0,1,2,24,1002.0
cmapss_fd001,full_mc,1000,1.0,0.25,1,2,24,1008.5
cmapss_fd001,full_mc,1000,1.0,0.5,1,2,24,1015.0
cmapss_fd001,full_mc,1000,1.0,1.0,1,2,24,1028.0
cmapss_fd001,full_mc,1000,1.0,2.0,1,2,24,1054.0
cmapss_fd001,full_mc,1000,1.0,5.0,1,2,24,1132.0
cmapss_fd001,lite_mc,1000,1.0,0.0,4,2,21,4002.0
cmapss_fd001,lite_mc,1000,1.0,0.25,4,2,21,4007.75
cmapss_fd001,lite_mc,1000,1.0,0.5,4,2,21,4013.5
cmapss_fd001,lite_mc,1000,1.0,1.0,4,2,21,4025.0
cmapss_fd001,lite_mc,1000,1.0,2.0,4,2,21,4048.0
cmapss_fd001,lite_mc,1000,1.0,5.0,4,2,21,4117.0
cmapss_fd001,lite_no_attn_mc,1000,1.0,0.0,1,3,24,1003.0
cmapss_fd001,lite_no_attn_mc,1000,1.0,0.25,1,3,24,1003.0
cmapss_fd001,lite_no_attn_mc,1000,1.0,0.5,1,3,24,1003.0
cmapss_fd001,lite_no_attn_mc,1000,1.0,1.0,1,3,24,1003.0
cmapss_fd001,lite_no_attn_mc,1000,1.0,2.0,1,3,24,1003.0
cmapss_fd001,lite_no_attn_mc,1000,1.0,5.0,1,3,24,1003.0
cmapss_fd001,lite_no_mc,1000,1.0,0.0,4,2,21,4002.0
cmapss_fd001,lite_no_mc,1000,1.0,0.25,4,2,21,4007.75
cmapss_fd001,lite_no_mc,1000,1.0,0.5,4,2,21,4013.5
cmapss_fd001,lite_no_mc,1000,1.0,1.0,4,2,21,4025.0
cmapss_fd001,lite_no_mc,1000,1.0,2.0,4,2,21,4048.0
cmapss_fd001,lite_no_mc,1000,1.0,5.0,4,2,21,4117.0
cmapss_fd001,matched_tcn,1000,2.0,0.0,2,2,23,2004.0
cmapss_fd001,matched_tcn,1000,2.0,0.25,2,2,23,2004.0
cmapss_fd001,matched_tcn,1000,2.0,0.5,2,2,23,2004.0
cmapss_fd001,matched_tcn,1000,2.0,1.0,2,2,23,2004.0
cmapss_fd001,matched_tcn,1000,2.0,2.0,2,2,23,2004.0
cmapss_fd001,matched_tcn,1000,2.0,5.0,2,2,23,2004.0
cmapss_fd001,full_mc,1000,2.0,0.0,1,2,24,1004.0
cmapss_fd001,full_mc,1000,2.0,0.25,1,2,24,1010.5
cmapss_fd001,full_mc,1000,2.0,0.5,1,2,24,1017.0
cmapss_fd001,full_mc,1000,2.0,1.0,1,2,24,1030.0
cmapss_fd001,full_mc,1000,2.0,2.0,1,2,24,1056.0
cmapss_fd001,full_mc,1000,2.0,5.0,1,2,24,1134.0
cmapss_fd001,lite_mc,1000,2.0,0.0,4,2,21,4004.0
cmapss_fd001,lite_mc,1000,2.0,0.25,4,2,21,4009.75
cmapss_fd001,lite_mc,1000,2.0,0.5,4,2,21,4015.5
cmapss_fd001,lite_mc,1000,2.0,1.0,4,2,21,4027.0
cmapss_fd001,lite_mc,1000,2.0,2.0,4,2,21,4050.0
cmapss_fd001,lite_mc,1000,2.0,5.0,4,2,21,4119.0
cmapss_fd001,lite_no_attn_mc,1000,2.0,0.0,1,3,24,1006.0
cmapss_fd001,lite_no_attn_mc,1000,2.0,0.25,1,3,24,1006.0
cmapss_fd001,lite_no_attn_mc,1000,2.0,0.5,1,3,24,1006.0
cmapss_fd001,lite_no_attn_mc,1000,2.0,1.0,1,3,24,1006.0
cmapss_fd001,lite_no_attn_mc,1000,2.0,2.0,1,3,24,1006.0
cmapss_fd001,lite_no_attn_mc,1000,2.0,5.0,1,3,24,1006.0
cmapss_fd001,lite_no_mc,1000,2.0,0.0,4,2,21,4004.0
cmapss_fd001,lite_no_mc,1000,2.0,0.25,4,2,21,4009.75
cmapss_fd001,lite_no_mc,1000,2.0,0.5,4,2,21,4015.5
cmapss_fd001,lite_no_mc,1000,2.0,1.0,4,2,21,4027.0
cmapss_fd001,lite_no_mc,1000,2.0,2.0,4,2,21,4050.0
cmapss_fd001,lite_no_mc,1000,2.0,5.0,4,2,21,4119.0
cmapss_fd001,matched_tcn,1000,5.0,0.0,2,2,23,2010.0
cmapss_fd001,matched_tcn,1000,5.0,0.25,2,2,23,2010.0
cmapss_fd001,matched_tcn,1000,5.0,0.5,2,2,23,2010.0
cmapss_fd001,matched_tcn,1000,5.0,1.0,2,2,23,2010.0
cmapss_fd001,matched_tcn,1000,5.0,2.0,2,2,23,2010.0
cmapss_fd001,matched_tcn,1000,5.0,5.0,2,2,23,2010.0
cmapss_fd001,full_mc,1000,5.0,0.0,1,2,24,1010.0
cmapss_fd001,full_mc,1000,5.0,0.25,1,2,24,1016.5
cmapss_fd001,full_mc,1000,5.0,0.5,1,2,24,1023.0
cmapss_fd001,full_mc,1000,5.0,1.0,1,2,24,1036.0
cmapss_fd001,full_mc,1000,5.0,2.0,1,2,24,1062.0
cmapss_fd001,full_mc,1000,5.0,5.0,1,2,24,1140.0
cmapss_fd001,lite_mc,1000,5.0,0.0,4,2,21,4010.0
cmapss_fd001,lite_mc,1000,5.0,0.25,4,2,21,4015.75
cmapss_fd001,lite_mc,1000,5.0,0.5,4,2,21,4021.5
cmapss_fd001,lite_mc,1000,5.0,1.0,4,2,21,4033.0
cmapss_fd001,lite_mc,1000,5.0,2.0,4,2,21,4056.0
cmapss_fd001,lite_mc,1000,5.0,5.0,4,2,21,4125.0
cmapss_fd001,lite_no_attn_mc,1000,5.0,0.0,1,3,24,1015.0
cmapss_fd001,lite_no_attn_mc,1000,5.0,0.25,1,3,24,1015.0
cmapss_fd001,lite_no_attn_mc,1000,5.0,0.5,1,3,24,1015.0
cmapss_fd001,lite_no_attn_mc,1000,5.0,1.0,1,3,24,1015.0
cmapss_fd001,lite_no_attn_mc,1000,5.0,2.0,1,3,24,1015.0
cmapss_fd001,lite_no_attn_mc,1000,5.0,5.0,1,3,24,1015.0
cmapss_fd001,lite_no_mc,1000,5.0,0.0,4,2,21,4010.0
cmapss_fd001,lite_no_mc,1000,5.0,0.25,4,2,21,4015.75
cmapss_fd001,lite_no_mc,1000,5.0,0.5,4,2,21,4021.5
cmapss_fd001,lite_no_mc,1000,5.0,1.0,4,2,21,4033.0
cmapss_fd001,lite_no_mc,1000,5.0,2.0,4,2,21,4056.0
cmapss_fd001,lite_no_mc,1000,5.0,5.0,4,2,21,4125.0
cmapss_fd003,matched_tcn,10,0.5,0.0,0,2,20,1.0
cmapss_fd003,matched_tcn,10,0.5,0.25,0,2,20,1.0
cmapss_fd003,matched_tcn,10,0.5,0.5,0,2,20,1.0
cmapss_fd003,matched_tcn,10,0.5,1.0,0,2,20,1.0
cmapss_fd003,matched_tcn,10,0.5,2.0,0,2,20,1.0
cmapss_fd003,matched_tcn,10,0.5,5.0,0,2,20,1.0
cmapss_fd003,full_mc,10,0.5,0.0,0,5,20,2.5
cmapss_fd003,full_mc,10,0.5,0.25,0,5,20,8.75
cmapss_fd003,full_mc,10,0.5,0.5,0,5,20,15.0
cmapss_fd003,full_mc,10,0.5,1.0,0,5,20,27.5
cmapss_fd003,full_mc,10,0.5,2.0,0,5,20,52.5
cmapss_fd003,full_mc,10,0.5,5.0,0,5,20,127.5
cmapss_fd003,lite_mc,10,0.5,0.0,0,3,20,1.5
cmapss_fd003,lite_mc,10,0.5,0.25,0,3,20,7.25
cmapss_fd003,lite_mc,10,0.5,0.5,0,3,20,13.0
cmapss_fd003,lite_mc,10,0.5,1.0,0,3,20,24.5
cmapss_fd003,lite_mc,10,0.5,2.0,0,3,20,47.5
cmapss_fd003,lite_mc,10,0.5,5.0,0,3,20,116.5
cmapss_fd003,lite_no_attn_mc,10,0.5,0.0,0,2,20,1.0
cmapss_fd003,lite_no_attn_mc,10,0.5,0.25,0,2,20,1.0
cmapss_fd003,lite_no_attn_mc,10,0.5,0.5,0,2,20,1.0
cmapss_fd003,lite_no_attn_mc,10,0.5,1.0,0,2,20,1.0
cmapss_fd003,lite_no_attn_mc,10,0.5,2.0,0,2,20,1.0
cmapss_fd003,lite_no_attn_mc,10,0.5,5.0,0,2,20,1.0
cmapss_fd003,lite_no_mc,10,0.5,0.0,0,5,20,2.5
cmapss_fd003,lite_no_mc,10,0.5,0.25,0,5,20,8.75
cmapss_fd003,lite_no_mc,10,0.5,0.5,0,5,20,15.0
cmapss_fd003,lite_no_mc,10,0.5,1.0,0,5,20,27.5
cmapss_fd003,lite_no_mc,10,0.5,2.0,0,5,20,52.5
cmapss_fd003,lite_no_mc,10,0.5,5.0,0,5,20,127.5
cmapss_fd003,matched_tcn,10,1.0,0.0,0,2,20,2.0
cmapss_fd003,matched_tcn,10,1.0,0.25,0,2,20,2.0
cmapss_fd003,matched_tcn,10,1.0,0.5,0,2,20,2.0
cmapss_fd003,matched_tcn,10,1.0,1.0,0,2,20,2.0
cmapss_fd003,matched_tcn,10,1.0,2.0,0,2,20,2.0
cmapss_fd003,matched_tcn,10,1.0,5.0,0,2,20,2.0
cmapss_fd003,full_mc,10,1.0,0.0,0,5,20,5.0
cmapss_fd003,full_mc,10,1.0,0.25,0,5,20,11.25
cmapss_fd003,full_mc,10,1.0,0.5,0,5,20,17.5
cmapss_fd003,full_mc,10,1.0,1.0,0,5,20,30.0
cmapss_fd003,full_mc,10,1.0,2.0,0,5,20,55.0
cmapss_fd003,full_mc,10,1.0,5.0,0,5,20,130.0
cmapss_fd003,lite_mc,10,1.0,0.0,0,3,20,3.0
cmapss_fd003,lite_mc,10,1.0,0.25,0,3,20,8.75
cmapss_fd003,lite_mc,10,1.0,0.5,0,3,20,14.5
cmapss_fd003,lite_mc,10,1.0,1.0,0,3,20,26.0
cmapss_fd003,lite_mc,10,1.0,2.0,0,3,20,49.0
cmapss_fd003,lite_mc,10,1.0,5.0,0,3,20,118.0
cmapss_fd003,lite_no_attn_mc,10,1.0,0.0,0,2,20,2.0
cmapss_fd003,lite_no_attn_mc,10,1.0,0.25,0,2,20,2.0
cmapss_fd003,lite_no_attn_mc,10,1.0,0.5,0,2,20,2.0
cmapss_fd003,lite_no_attn_mc,10,1.0,1.0,0,2,20,2.0
cmapss_fd003,lite_no_attn_mc,10,1.0,2.0,0,2,20,2.0
cmapss_fd003,lite_no_attn_mc,10,1.0,5.0,0,2,20,2.0
cmapss_fd003,lite_no_mc,10,1.0,0.0,0,5,20,5.0
cmapss_fd003,lite_no_mc,10,1.0,0.25,0,5,20,11.25
cmapss_fd003,lite_no_mc,10,1.0,0.5,0,5,20,17.5
cmapss_fd003,lite_no_mc,10,1.0,1.0,0,5,20,30.0
cmapss_fd003,lite_no_mc,10,1.0,2.0,0,5,20,55.0
cmapss_fd003,lite_no_mc,10,1.0,5.0,0,5,20,130.0
cmapss_fd003,matched_tcn,10,2.0,0.0,0,2,20,4.0
cmapss_fd003,matched_tcn,10,2.0,0.25,0,2,20,4.0
cmapss_fd003,matched_tcn,10,2.0,0.5,0,2,20,4.0
cmapss_fd003,matched_tcn,10,2.0,1.0,0,2,20,4.0
cmapss_fd003,matched_tcn,10,2.0,2.0,0,2,20,4.0
cmapss_fd003,matched_tcn,10,2.0,5.0,0,2,20,4.0
cmapss_fd003,full_mc,10,2.0,0.0,0,5,20,10.0
cmapss_fd003,full_mc,10,2.0,0.25,0,5,20,16.25
cmapss_fd003,full_mc,10,2.0,0.5,0,5,20,22.5
cmapss_fd003,full_mc,10,2.0,1.0,0,5,20,35.0
cmapss_fd003,full_mc,10,2.0,2.0,0,5,20,60.0
cmapss_fd003,full_mc,10,2.0,5.0,0,5,20,135.0
cmapss_fd003,lite_mc,10,2.0,0.0,0,3,20,6.0
cmapss_fd003,lite_mc,10,2.0,0.25,0,3,20,11.75
cmapss_fd003,lite_mc,10,2.0,0.5,0,3,20,17.5
cmapss_fd003,lite_mc,10,2.0,1.0,0,3,20,29.0
cmapss_fd003,lite_mc,10,2.0,2.0,0,3,20,52.0
cmapss_fd003,lite_mc,10,2.0,5.0,0,3,20,121.0
cmapss_fd003,lite_no_attn_mc,10,2.0,0.0,0,2,20,4.0
cmapss_fd003,lite_no_attn_mc,10,2.0,0.25,0,2,20,4.0
cmapss_fd003,lite_no_attn_mc,10,2.0,0.5,0,2,20,4.0
cmapss_fd003,lite_no_attn_mc,10,2.0,1.0,0,2,20,4.0
cmapss_fd003,lite_no_attn_mc,10,2.0,2.0,0,2,20,4.0
cmapss_fd003,lite_no_attn_mc,10,2.0,5.0,0,2,20,4.0
cmapss_fd003,lite_no_mc,10,2.0,0.0,0,5,20,10.0
cmapss_fd003,lite_no_mc,10,2.0,0.25,0,5,20,16.25
cmapss_fd003,lite_no_mc,10,2.0,0.5,0,5,20,22.5
cmapss_fd003,lite_no_mc,10,2.0,1.0,0,5,20,35.0
cmapss_fd003,lite_no_mc,10,2.0,2.0,0,5,20,60.0
cmapss_fd003,lite_no_mc,10,2.0,5.0,0,5,20,135.0
cmapss_fd003,matched_tcn,10,5.0,0.0,0,2,20,10.0
cmapss_fd003,matched_tcn,10,5.0,0.25,0,2,20,10.0
cmapss_fd003,matched_tcn,10,5.0,0.5,0,2,20,10.0
cmapss_fd003,matched_tcn,10,5.0,1.0,0,2,20,10.0
cmapss_fd003,matched_tcn,10,5.0,2.0,0,2,20,10.0
cmapss_fd003,matched_tcn,10,5.0,5.0,0,2,20,10.0
cmapss_fd003,full_mc,10,5.0,0.0,0,5,20,25.0
cmapss_fd003,full_mc,10,5.0,0.25,0,5,20,31.25
cmapss_fd003,full_mc,10,5.0,0.5,0,5,20,37.5
cmapss_fd003,full_mc,10,5.0,1.0,0,5,20,50.0
cmapss_fd003,full_mc,10,5.0,2.0,0,5,20,75.0
cmapss_fd003,full_mc,10,5.0,5.0,0,5,20,150.0
cmapss_fd003,lite_mc,10,5.0,0.0,0,3,20,15.0
cmapss_fd003,lite_mc,10,5.0,0.25,0,3,20,20.75
cmapss_fd003,lite_mc,10,5.0,0.5,0,3,20,26.5
cmapss_fd003,lite_mc,10,5.0,1.0,0,3,20,38.0
cmapss_fd003,lite_mc,10,5.0,2.0,0,3,20,61.0
cmapss_fd003,lite_mc,10,5.0,5.0,0,3,20,130.0
cmapss_fd003,lite_no_attn_mc,10,5.0,0.0,0,2,20,10.0
cmapss_fd003,lite_no_attn_mc,10,5.0,0.25,0,2,20,10.0
cmapss_fd003,lite_no_attn_mc,10,5.0,0.5,0,2,20,10.0
cmapss_fd003,lite_no_attn_mc,10,5.0,1.0,0,2,20,10.0
cmapss_fd003,lite_no_attn_mc,10,5.0,2.0,0,2,20,10.0
cmapss_fd003,lite_no_attn_mc,10,5.0,5.0,0,2,20,10.0
cmapss_fd003,lite_no_mc,10,5.0,0.0,0,5,20,25.0
cmapss_fd003,lite_no_mc,10,5.0,0.25,0,5,20,31.25
cmapss_fd003,lite_no_mc,10,5.0,0.5,0,5,20,37.5
cmapss_fd003,lite_no_mc,10,5.0,1.0,0,5,20,50.0
cmapss_fd003,lite_no_mc,10,5.0,2.0,0,5,20,75.0
cmapss_fd003,lite_no_mc,10,5.0,5.0,0,5,20,150.0
cmapss_fd003,matched_tcn,50,0.5,0.0,0,2,20,1.0
cmapss_fd003,matched_tcn,50,0.5,0.25,0,2,20,1.0
cmapss_fd003,matched_tcn,50,0.5,0.5,0,2,20,1.0
cmapss_fd003,matched_tcn,50,0.5,1.0,0,2,20,1.0
cmapss_fd003,matched_tcn,50,0.5,2.0,0,2,20,1.0
cmapss_fd003,matched_tcn,50,0.5,5.0,0,2,20,1.0
cmapss_fd003,full_mc,50,0.5,0.0,0,5,20,2.5
cmapss_fd003,full_mc,50,0.5,0.25,0,5,20,8.75
cmapss_fd003,full_mc,50,0.5,0.5,0,5,20,15.0
cmapss_fd003,full_mc,50,0.5,1.0,0,5,20,27.5
cmapss_fd003,full_mc,50,0.5,2.0,0,5,20,52.5
cmapss_fd003,full_mc,50,0.5,5.0,0,5,20,127.5
cmapss_fd003,lite_mc,50,0.5,0.0,0,3,20,1.5
cmapss_fd003,lite_mc,50,0.5,0.25,0,3,20,7.25
cmapss_fd003,lite_mc,50,0.5,0.5,0,3,20,13.0
cmapss_fd003,lite_mc,50,0.5,1.0,0,3,20,24.5
cmapss_fd003,lite_mc,50,0.5,2.0,0,3,20,47.5
cmapss_fd003,lite_mc,50,0.5,5.0,0,3,20,116.5
cmapss_fd003,lite_no_attn_mc,50,0.5,0.0,0,2,20,1.0
cmapss_fd003,lite_no_attn_mc,50,0.5,0.25,0,2,20,1.0
cmapss_fd003,lite_no_attn_mc,50,0.5,0.5,0,2,20,1.0
cmapss_fd003,lite_no_attn_mc,50,0.5,1.0,0,2,20,1.0
cmapss_fd003,lite_no_attn_mc,50,0.5,2.0,0,2,20,1.0
cmapss_fd003,lite_no_attn_mc,50,0.5,5.0,0,2,20,1.0
cmapss_fd003,lite_no_mc,50,0.5,0.0,0,5,20,2.5
cmapss_fd003,lite_no_mc,50,0.5,0.25,0,5,20,8.75
cmapss_fd003,lite_no_mc,50,0.5,0.5,0,5,20,15.0
cmapss_fd003,lite_no_mc,50,0.5,1.0,0,5,20,27.5
cmapss_fd003,lite_no_mc,50,0.5,2.0,0,5,20,52.5
cmapss_fd003,lite_no_mc,50,0.5,5.0,0,5,20,127.5
cmapss_fd003,matched_tcn,50,1.0,0.0,0,2,20,2.0
cmapss_fd003,matched_tcn,50,1.0,0.25,0,2,20,2.0
cmapss_fd003,matched_tcn,50,1.0,0.5,0,2,20,2.0
cmapss_fd003,matched_tcn,50,1.0,1.0,0,2,20,2.0
cmapss_fd003,matched_tcn,50,1.0,2.0,0,2,20,2.0
cmapss_fd003,matched_tcn,50,1.0,5.0,0,2,20,2.0
cmapss_fd003,full_mc,50,1.0,0.0,0,5,20,5.0
cmapss_fd003,full_mc,50,1.0,0.25,0,5,20,11.25
cmapss_fd003,full_mc,50,1.0,0.5,0,5,20,17.5
cmapss_fd003,full_mc,50,1.0,1.0,0,5,20,30.0
cmapss_fd003,full_mc,50,1.0,2.0,0,5,20,55.0
cmapss_fd003,full_mc,50,1.0,5.0,0,5,20,130.0
cmapss_fd003,lite_mc,50,1.0,0.0,0,3,20,3.0
cmapss_fd003,lite_mc,50,1.0,0.25,0,3,20,8.75
cmapss_fd003,lite_mc,50,1.0,0.5,0,3,20,14.5
cmapss_fd003,lite_mc,50,1.0,1.0,0,3,20,26.0
cmapss_fd003,lite_mc,50,1.0,2.0,0,3,20,49.0
cmapss_fd003,lite_mc,50,1.0,5.0,0,3,20,118.0
cmapss_fd003,lite_no_attn_mc,50,1.0,0.0,0,2,20,2.0
cmapss_fd003,lite_no_attn_mc,50,1.0,0.25,0,2,20,2.0
cmapss_fd003,lite_no_attn_mc,50,1.0,0.5,0,2,20,2.0
cmapss_fd003,lite_no_attn_mc,50,1.0,1.0,0,2,20,2.0
cmapss_fd003,lite_no_attn_mc,50,1.0,2.0,0,2,20,2.0
cmapss_fd003,lite_no_attn_mc,50,1.0,5.0,0,2,20,2.0
cmapss_fd003,lite_no_mc,50,1.0,0.0,0,5,20,5.0
cmapss_fd003,lite_no_mc,50,1.0,0.25,0,5,20,11.25
cmapss_fd003,lite_no_mc,50,1.0,0.5,0,5,20,17.5
cmapss_fd003,lite_no_mc,50,1.0,1.0,0,5,20,30.0
cmapss_fd003,lite_no_mc,50,1.0,2.0,0,5,20,55.0
cmapss_fd003,lite_no_mc,50,1.0,5.0,0,5,20,130.0
cmapss_fd003,matched_tcn,50,2.0,0.0,0,2,20,4.0
cmapss_fd003,matched_tcn,50,2.0,0.25,0,2,20,4.0
cmapss_fd003,matched_tcn,50,2.0,0.5,0,2,20,4.0
cmapss_fd003,matched_tcn,50,2.0,1.0,0,2,20,4.0
cmapss_fd003,matched_tcn,50,2.0,2.0,0,2,20,4.0
cmapss_fd003,matched_tcn,50,2.0,5.0,0,2,20,4.0
cmapss_fd003,full_mc,50,2.0,0.0,0,5,20,10.0
cmapss_fd003,full_mc,50,2.0,0.25,0,5,20,16.25
cmapss_fd003,full_mc,50,2.0,0.5,0,5,20,22.5
cmapss_fd003,full_mc,50,2.0,1.0,0,5,20,35.0
cmapss_fd003,full_mc,50,2.0,2.0,0,5,20,60.0
cmapss_fd003,full_mc,50,2.0,5.0,0,5,20,135.0
cmapss_fd003,lite_mc,50,2.0,0.0,0,3,20,6.0
cmapss_fd003,lite_mc,50,2.0,0.25,0,3,20,11.75
cmapss_fd003,lite_mc,50,2.0,0.5,0,3,20,17.5
cmapss_fd003,lite_mc,50,2.0,1.0,0,3,20,29.0
cmapss_fd003,lite_mc,50,2.0,2.0,0,3,20,52.0
cmapss_fd003,lite_mc,50,2.0,5.0,0,3,20,121.0
cmapss_fd003,lite_no_attn_mc,50,2.0,0.0,0,2,20,4.0
cmapss_fd003,lite_no_attn_mc,50,2.0,0.25,0,2,20,4.0
cmapss_fd003,lite_no_attn_mc,50,2.0,0.5,0,2,20,4.0
cmapss_fd003,lite_no_attn_mc,50,2.0,1.0,0,2,20,4.0
cmapss_fd003,lite_no_attn_mc,50,2.0,2.0,0,2,20,4.0
cmapss_fd003,lite_no_attn_mc,50,2.0,5.0,0,2,20,4.0
cmapss_fd003,lite_no_mc,50,2.0,0.0,0,5,20,10.0
cmapss_fd003,lite_no_mc,50,2.0,0.25,0,5,20,16.25
cmapss_fd003,lite_no_mc,50,2.0,0.5,0,5,20,22.5
cmapss_fd003,lite_no_mc,50,2.0,1.0,0,5,20,35.0
cmapss_fd003,lite_no_mc,50,2.0,2.0,0,5,20,60.0
cmapss_fd003,lite_no_mc,50,2.0,5.0,0,5,20,135.0
cmapss_fd003,matched_tcn,50,5.0,0.0,0,2,20,10.0
cmapss_fd003,matched_tcn,50,5.0,0.25,0,2,20,10.0
cmapss_fd003,matched_tcn,50,5.0,0.5,0,2,20,10.0
cmapss_fd003,matched_tcn,50,5.0,1.0,0,2,20,10.0
cmapss_fd003,matched_tcn,50,5.0,2.0,0,2,20,10.0
cmapss_fd003,matched_tcn,50,5.0,5.0,0,2,20,10.0
cmapss_fd003,full_mc,50,5.0,0.0,0,5,20,25.0
cmapss_fd003,full_mc,50,5.0,0.25,0,5,20,31.25
cmapss_fd003,full_mc,50,5.0,0.5,0,5,20,37.5
cmapss_fd003,full_mc,50,5.0,1.0,0,5,20,50.0
cmapss_fd003,full_mc,50,5.0,2.0,0,5,20,75.0
cmapss_fd003,full_mc,50,5.0,5.0,0,5,20,150.0
cmapss_fd003,lite_mc,50,5.0,0.0,0,3,20,15.0
cmapss_fd003,lite_mc,50,5.0,0.25,0,3,20,20.75
cmapss_fd003,lite_mc,50,5.0,0.5,0,3,20,26.5
cmapss_fd003,lite_mc,50,5.0,1.0,0,3,20,38.0
cmapss_fd003,lite_mc,50,5.0,2.0,0,3,20,61.0
cmapss_fd003,lite_mc,50,5.0,5.0,0,3,20,130.0
cmapss_fd003,lite_no_attn_mc,50,5.0,0.0,0,2,20,10.0
cmapss_fd003,lite_no_attn_mc,50,5.0,0.25,0,2,20,10.0
cmapss_fd003,lite_no_attn_mc,50,5.0,0.5,0,2,20,10.0
cmapss_fd003,lite_no_attn_mc,50,5.0,1.0,0,2,20,10.0
cmapss_fd003,lite_no_attn_mc,50,5.0,2.0,0,2,20,10.0
cmapss_fd003,lite_no_attn_mc,50,5.0,5.0,0,2,20,10.0
cmapss_fd003,lite_no_mc,50,5.0,0.0,0,5,20,25.0
cmapss_fd003,lite_no_mc,50,5.0,0.25,0,5,20,31.25
cmapss_fd003,lite_no_mc,50,5.0,0.5,0,5,20,37.5
cmapss_fd003,lite_no_mc,50,5.0,1.0,0,5,20,50.0
cmapss_fd003,lite_no_mc,50,5.0,2.0,0,5,20,75.0
cmapss_fd003,lite_no_mc,50,5.0,5.0,0,5,20,150.0
cmapss_fd003,matched_tcn,100,0.5,0.0,0,2,20,1.0
cmapss_fd003,matched_tcn,100,0.5,0.25,0,2,20,1.0
cmapss_fd003,matched_tcn,100,0.5,0.5,0,2,20,1.0
cmapss_fd003,matched_tcn,100,0.5,1.0,0,2,20,1.0
cmapss_fd003,matched_tcn,100,0.5,2.0,0,2,20,1.0
cmapss_fd003,matched_tcn,100,0.5,5.0,0,2,20,1.0
cmapss_fd003,full_mc,100,0.5,0.0,0,5,20,2.5
cmapss_fd003,full_mc,100,0.5,0.25,0,5,20,8.75
cmapss_fd003,full_mc,100,0.5,0.5,0,5,20,15.0
cmapss_fd003,full_mc,100,0.5,1.0,0,5,20,27.5
cmapss_fd003,full_mc,100,0.5,2.0,0,5,20,52.5
cmapss_fd003,full_mc,100,0.5,5.0,0,5,20,127.5
cmapss_fd003,lite_mc,100,0.5,0.0,0,3,20,1.5
cmapss_fd003,lite_mc,100,0.5,0.25,0,3,20,7.25
cmapss_fd003,lite_mc,100,0.5,0.5,0,3,20,13.0
cmapss_fd003,lite_mc,100,0.5,1.0,0,3,20,24.5
cmapss_fd003,lite_mc,100,0.5,2.0,0,3,20,47.5
cmapss_fd003,lite_mc,100,0.5,5.0,0,3,20,116.5
cmapss_fd003,lite_no_attn_mc,100,0.5,0.0,0,2,20,1.0
cmapss_fd003,lite_no_attn_mc,100,0.5,0.25,0,2,20,1.0
cmapss_fd003,lite_no_attn_mc,100,0.5,0.5,0,2,20,1.0
cmapss_fd003,lite_no_attn_mc,100,0.5,1.0,0,2,20,1.0
cmapss_fd003,lite_no_attn_mc,100,0.5,2.0,0,2,20,1.0
cmapss_fd003,lite_no_attn_mc,100,0.5,5.0,0,2,20,1.0
cmapss_fd003,lite_no_mc,100,0.5,0.0,0,5,20,2.5
cmapss_fd003,lite_no_mc,100,0.5,0.25,0,5,20,8.75
cmapss_fd003,lite_no_mc,100,0.5,0.5,0,5,20,15.0
cmapss_fd003,lite_no_mc,100,0.5,1.0,0,5,20,27.5
cmapss_fd003,lite_no_mc,100,0.5,2.0,0,5,20,52.5
cmapss_fd003,lite_no_mc,100,0.5,5.0,0,5,20,127.5
cmapss_fd003,matched_tcn,100,1.0,0.0,0,2,20,2.0
cmapss_fd003,matched_tcn,100,1.0,0.25,0,2,20,2.0
cmapss_fd003,matched_tcn,100,1.0,0.5,0,2,20,2.0
cmapss_fd003,matched_tcn,100,1.0,1.0,0,2,20,2.0
cmapss_fd003,matched_tcn,100,1.0,2.0,0,2,20,2.0
cmapss_fd003,matched_tcn,100,1.0,5.0,0,2,20,2.0
cmapss_fd003,full_mc,100,1.0,0.0,0,5,20,5.0
cmapss_fd003,full_mc,100,1.0,0.25,0,5,20,11.25
cmapss_fd003,full_mc,100,1.0,0.5,0,5,20,17.5
cmapss_fd003,full_mc,100,1.0,1.0,0,5,20,30.0
cmapss_fd003,full_mc,100,1.0,2.0,0,5,20,55.0
cmapss_fd003,full_mc,100,1.0,5.0,0,5,20,130.0
cmapss_fd003,lite_mc,100,1.0,0.0,0,3,20,3.0
cmapss_fd003,lite_mc,100,1.0,0.25,0,3,20,8.75
cmapss_fd003,lite_mc,100,1.0,0.5,0,3,20,14.5
cmapss_fd003,lite_mc,100,1.0,1.0,0,3,20,26.0
cmapss_fd003,lite_mc,100,1.0,2.0,0,3,20,49.0
cmapss_fd003,lite_mc,100,1.0,5.0,0,3,20,118.0
cmapss_fd003,lite_no_attn_mc,100,1.0,0.0,0,2,20,2.0
cmapss_fd003,lite_no_attn_mc,100,1.0,0.25,0,2,20,2.0
cmapss_fd003,lite_no_attn_mc,100,1.0,0.5,0,2,20,2.0
cmapss_fd003,lite_no_attn_mc,100,1.0,1.0,0,2,20,2.0
cmapss_fd003,lite_no_attn_mc,100,1.0,2.0,0,2,20,2.0
cmapss_fd003,lite_no_attn_mc,100,1.0,5.0,0,2,20,2.0
cmapss_fd003,lite_no_mc,100,1.0,0.0,0,5,20,5.0
cmapss_fd003,lite_no_mc,100,1.0,0.25,0,5,20,11.25
cmapss_fd003,lite_no_mc,100,1.0,0.5,0,5,20,17.5
cmapss_fd003,lite_no_mc,100,1.0,1.0,0,5,20,30.0
cmapss_fd003,lite_no_mc,100,1.0,2.0,0,5,20,55.0
cmapss_fd003,lite_no_mc,100,1.0,5.0,0,5,20,130.0
cmapss_fd003,matched_tcn,100,2.0,0.0,0,2,20,4.0
cmapss_fd003,matched_tcn,100,2.0,0.25,0,2,20,4.0
cmapss_fd003,matched_tcn,100,2.0,0.5,0,2,20,4.0
cmapss_fd003,matched_tcn,100,2.0,1.0,0,2,20,4.0
cmapss_fd003,matched_tcn,100,2.0,2.0,0,2,20,4.0
cmapss_fd003,matched_tcn,100,2.0,5.0,0,2,20,4.0
cmapss_fd003,full_mc,100,2.0,0.0,0,5,20,10.0
cmapss_fd003,full_mc,100,2.0,0.25,0,5,20,16.25
cmapss_fd003,full_mc,100,2.0,0.5,0,5,20,22.5
cmapss_fd003,full_mc,100,2.0,1.0,0,5,20,35.0
cmapss_fd003,full_mc,100,2.0,2.0,0,5,20,60.0
cmapss_fd003,full_mc,100,2.0,5.0,0,5,20,135.0
cmapss_fd003,lite_mc,100,2.0,0.0,0,3,20,6.0
cmapss_fd003,lite_mc,100,2.0,0.25,0,3,20,11.75
cmapss_fd003,lite_mc,100,2.0,0.5,0,3,20,17.5
cmapss_fd003,lite_mc,100,2.0,1.0,0,3,20,29.0
cmapss_fd003,lite_mc,100,2.0,2.0,0,3,20,52.0
cmapss_fd003,lite_mc,100,2.0,5.0,0,3,20,121.0
cmapss_fd003,lite_no_attn_mc,100,2.0,0.0,0,2,20,4.0
cmapss_fd003,lite_no_attn_mc,100,2.0,0.25,0,2,20,4.0
cmapss_fd003,lite_no_attn_mc,100,2.0,0.5,0,2,20,4.0
cmapss_fd003,lite_no_attn_mc,100,2.0,1.0,0,2,20,4.0
cmapss_fd003,lite_no_attn_mc,100,2.0,2.0,0,2,20,4.0
cmapss_fd003,lite_no_attn_mc,100,2.0,5.0,0,2,20,4.0
cmapss_fd003,lite_no_mc,100,2.0,0.0,0,5,20,10.0
cmapss_fd003,lite_no_mc,100,2.0,0.25,0,5,20,16.25
cmapss_fd003,lite_no_mc,100,2.0,0.5,0,5,20,22.5
cmapss_fd003,lite_no_mc,100,2.0,1.0,0,5,20,35.0
cmapss_fd003,lite_no_mc,100,2.0,2.0,0,5,20,60.0
cmapss_fd003,lite_no_mc,100,2.0,5.0,0,5,20,135.0
cmapss_fd003,matched_tcn,100,5.0,0.0,0,2,20,10.0
cmapss_fd003,matched_tcn,100,5.0,0.25,0,2,20,10.0
cmapss_fd003,matched_tcn,100,5.0,0.5,0,2,20,10.0
cmapss_fd003,matched_tcn,100,5.0,1.0,0,2,20,10.0
cmapss_fd003,matched_tcn,100,5.0,2.0,0,2,20,10.0
cmapss_fd003,matched_tcn,100,5.0,5.0,0,2,20,10.0
cmapss_fd003,full_mc,100,5.0,0.0,0,5,20,25.0
cmapss_fd003,full_mc,100,5.0,0.25,0,5,20,31.25
cmapss_fd003,full_mc,100,5.0,0.5,0,5,20,37.5
cmapss_fd003,full_mc,100,5.0,1.0,0,5,20,50.0
cmapss_fd003,full_mc,100,5.0,2.0,0,5,20,75.0
cmapss_fd003,full_mc,100,5.0,5.0,0,5,20,150.0
cmapss_fd003,lite_mc,100,5.0,0.0,0,3,20,15.0
cmapss_fd003,lite_mc,100,5.0,0.25,0,3,20,20.75
cmapss_fd003,lite_mc,100,5.0,0.5,0,3,20,26.5
cmapss_fd003,lite_mc,100,5.0,1.0,0,3,20,38.0
cmapss_fd003,lite_mc,100,5.0,2.0,0,3,20,61.0
cmapss_fd003,lite_mc,100,5.0,5.0,0,3,20,130.0
cmapss_fd003,lite_no_attn_mc,100,5.0,0.0,0,2,20,10.0
cmapss_fd003,lite_no_attn_mc,100,5.0,0.25,0,2,20,10.0
cmapss_fd003,lite_no_attn_mc,100,5.0,0.5,0,2,20,10.0
cmapss_fd003,lite_no_attn_mc,100,5.0,1.0,0,2,20,10.0
cmapss_fd003,lite_no_attn_mc,100,5.0,2.0,0,2,20,10.0
cmapss_fd003,lite_no_attn_mc,100,5.0,5.0,0,2,20,10.0
cmapss_fd003,lite_no_mc,100,5.0,0.0,0,5,20,25.0
cmapss_fd003,lite_no_mc,100,5.0,0.25,0,5,20,31.25
cmapss_fd003,lite_no_mc,100,5.0,0.5,0,5,20,37.5
cmapss_fd003,lite_no_mc,100,5.0,1.0,0,5,20,50.0
cmapss_fd003,lite_no_mc,100,5.0,2.0,0,5,20,75.0
cmapss_fd003,lite_no_mc,100,5.0,5.0,0,5,20,150.0
cmapss_fd003,matched_tcn,500,0.5,0.0,0,2,20,1.0
cmapss_fd003,matched_tcn,500,0.5,0.25,0,2,20,1.0
cmapss_fd003,matched_tcn,500,0.5,0.5,0,2,20,1.0
cmapss_fd003,matched_tcn,500,0.5,1.0,0,2,20,1.0
cmapss_fd003,matched_tcn,500,0.5,2.0,0,2,20,1.0
cmapss_fd003,matched_tcn,500,0.5,5.0,0,2,20,1.0
cmapss_fd003,full_mc,500,0.5,0.0,0,5,20,2.5
cmapss_fd003,full_mc,500,0.5,0.25,0,5,20,8.75
cmapss_fd003,full_mc,500,0.5,0.5,0,5,20,15.0
cmapss_fd003,full_mc,500,0.5,1.0,0,5,20,27.5
cmapss_fd003,full_mc,500,0.5,2.0,0,5,20,52.5
cmapss_fd003,full_mc,500,0.5,5.0,0,5,20,127.5
cmapss_fd003,lite_mc,500,0.5,0.0,0,3,20,1.5
cmapss_fd003,lite_mc,500,0.5,0.25,0,3,20,7.25
cmapss_fd003,lite_mc,500,0.5,0.5,0,3,20,13.0
cmapss_fd003,lite_mc,500,0.5,1.0,0,3,20,24.5
cmapss_fd003,lite_mc,500,0.5,2.0,0,3,20,47.5
cmapss_fd003,lite_mc,500,0.5,5.0,0,3,20,116.5
cmapss_fd003,lite_no_attn_mc,500,0.5,0.0,0,2,20,1.0
cmapss_fd003,lite_no_attn_mc,500,0.5,0.25,0,2,20,1.0
cmapss_fd003,lite_no_attn_mc,500,0.5,0.5,0,2,20,1.0
cmapss_fd003,lite_no_attn_mc,500,0.5,1.0,0,2,20,1.0
cmapss_fd003,lite_no_attn_mc,500,0.5,2.0,0,2,20,1.0
cmapss_fd003,lite_no_attn_mc,500,0.5,5.0,0,2,20,1.0
cmapss_fd003,lite_no_mc,500,0.5,0.0,0,5,20,2.5
cmapss_fd003,lite_no_mc,500,0.5,0.25,0,5,20,8.75
cmapss_fd003,lite_no_mc,500,0.5,0.5,0,5,20,15.0
cmapss_fd003,lite_no_mc,500,0.5,1.0,0,5,20,27.5
cmapss_fd003,lite_no_mc,500,0.5,2.0,0,5,20,52.5
cmapss_fd003,lite_no_mc,500,0.5,5.0,0,5,20,127.5
cmapss_fd003,matched_tcn,500,1.0,0.0,0,2,20,2.0
cmapss_fd003,matched_tcn,500,1.0,0.25,0,2,20,2.0
cmapss_fd003,matched_tcn,500,1.0,0.5,0,2,20,2.0
cmapss_fd003,matched_tcn,500,1.0,1.0,0,2,20,2.0
cmapss_fd003,matched_tcn,500,1.0,2.0,0,2,20,2.0
cmapss_fd003,matched_tcn,500,1.0,5.0,0,2,20,2.0
cmapss_fd003,full_mc,500,1.0,0.0,0,5,20,5.0
cmapss_fd003,full_mc,500,1.0,0.25,0,5,20,11.25
cmapss_fd003,full_mc,500,1.0,0.5,0,5,20,17.5
cmapss_fd003,full_mc,500,1.0,1.0,0,5,20,30.0
cmapss_fd003,full_mc,500,1.0,2.0,0,5,20,55.0
cmapss_fd003,full_mc,500,1.0,5.0,0,5,20,130.0
cmapss_fd003,lite_mc,500,1.0,0.0,0,3,20,3.0
cmapss_fd003,lite_mc,500,1.0,0.25,0,3,20,8.75
cmapss_fd003,lite_mc,500,1.0,0.5,0,3,20,14.5
cmapss_fd003,lite_mc,500,1.0,1.0,0,3,20,26.0
cmapss_fd003,lite_mc,500,1.0,2.0,0,3,20,49.0
cmapss_fd003,lite_mc,500,1.0,5.0,0,3,20,118.0
cmapss_fd003,lite_no_attn_mc,500,1.0,0.0,0,2,20,2.0
cmapss_fd003,lite_no_attn_mc,500,1.0,0.25,0,2,20,2.0
cmapss_fd003,lite_no_attn_mc,500,1.0,0.5,0,2,20,2.0
cmapss_fd003,lite_no_attn_mc,500,1.0,1.0,0,2,20,2.0
cmapss_fd003,lite_no_attn_mc,500,1.0,2.0,0,2,20,2.0
cmapss_fd003,lite_no_attn_mc,500,1.0,5.0,0,2,20,2.0
cmapss_fd003,lite_no_mc,500,1.0,0.0,0,5,20,5.0
cmapss_fd003,lite_no_mc,500,1.0,0.25,0,5,20,11.25
cmapss_fd003,lite_no_mc,500,1.0,0.5,0,5,20,17.5
cmapss_fd003,lite_no_mc,500,1.0,1.0,0,5,20,30.0
cmapss_fd003,lite_no_mc,500,1.0,2.0,0,5,20,55.0
cmapss_fd003,lite_no_mc,500,1.0,5.0,0,5,20,130.0
cmapss_fd003,matched_tcn,500,2.0,0.0,0,2,20,4.0
cmapss_fd003,matched_tcn,500,2.0,0.25,0,2,20,4.0
cmapss_fd003,matched_tcn,500,2.0,0.5,0,2,20,4.0
cmapss_fd003,matched_tcn,500,2.0,1.0,0,2,20,4.0
cmapss_fd003,matched_tcn,500,2.0,2.0,0,2,20,4.0
cmapss_fd003,matched_tcn,500,2.0,5.0,0,2,20,4.0
cmapss_fd003,full_mc,500,2.0,0.0,0,5,20,10.0
cmapss_fd003,full_mc,500,2.0,0.25,0,5,20,16.25
cmapss_fd003,full_mc,500,2.0,0.5,0,5,20,22.5
cmapss_fd003,full_mc,500,2.0,1.0,0,5,20,35.0
cmapss_fd003,full_mc,500,2.0,2.0,0,5,20,60.0
cmapss_fd003,full_mc,500,2.0,5.0,0,5,20,135.0
cmapss_fd003,lite_mc,500,2.0,0.0,0,3,20,6.0
cmapss_fd003,lite_mc,500,2.0,0.25,0,3,20,11.75
cmapss_fd003,lite_mc,500,2.0,0.5,0,3,20,17.5
cmapss_fd003,lite_mc,500,2.0,1.0,0,3,20,29.0
cmapss_fd003,lite_mc,500,2.0,2.0,0,3,20,52.0
cmapss_fd003,lite_mc,500,2.0,5.0,0,3,20,121.0
cmapss_fd003,lite_no_attn_mc,500,2.0,0.0,0,2,20,4.0
cmapss_fd003,lite_no_attn_mc,500,2.0,0.25,0,2,20,4.0
cmapss_fd003,lite_no_attn_mc,500,2.0,0.5,0,2,20,4.0
cmapss_fd003,lite_no_attn_mc,500,2.0,1.0,0,2,20,4.0
cmapss_fd003,lite_no_attn_mc,500,2.0,2.0,0,2,20,4.0
cmapss_fd003,lite_no_attn_mc,500,2.0,5.0,0,2,20,4.0
cmapss_fd003,lite_no_mc,500,2.0,0.0,0,5,20,10.0
cmapss_fd003,lite_no_mc,500,2.0,0.25,0,5,20,16.25
cmapss_fd003,lite_no_mc,500,2.0,0.5,0,5,20,22.5
cmapss_fd003,lite_no_mc,500,2.0,1.0,0,5,20,35.0
cmapss_fd003,lite_no_mc,500,2.0,2.0,0,5,20,60.0
cmapss_fd003,lite_no_mc,500,2.0,5.0,0,5,20,135.0
cmapss_fd003,matched_tcn,500,5.0,0.0,0,2,20,10.0
cmapss_fd003,matched_tcn,500,5.0,0.25,0,2,20,10.0
cmapss_fd003,matched_tcn,500,5.0,0.5,0,2,20,10.0
cmapss_fd003,matched_tcn,500,5.0,1.0,0,2,20,10.0
cmapss_fd003,matched_tcn,500,5.0,2.0,0,2,20,10.0
cmapss_fd003,matched_tcn,500,5.0,5.0,0,2,20,10.0
cmapss_fd003,full_mc,500,5.0,0.0,0,5,20,25.0
cmapss_fd003,full_mc,500,5.0,0.25,0,5,20,31.25
cmapss_fd003,full_mc,500,5.0,0.5,0,5,20,37.5
cmapss_fd003,full_mc,500,5.0,1.0,0,5,20,50.0
cmapss_fd003,full_mc,500,5.0,2.0,0,5,20,75.0
cmapss_fd003,full_mc,500,5.0,5.0,0,5,20,150.0
cmapss_fd003,lite_mc,500,5.0,0.0,0,3,20,15.0
cmapss_fd003,lite_mc,500,5.0,0.25,0,3,20,20.75
cmapss_fd003,lite_mc,500,5.0,0.5,0,3,20,26.5
cmapss_fd003,lite_mc,500,5.0,1.0,0,3,20,38.0
cmapss_fd003,lite_mc,500,5.0,2.0,0,3,20,61.0
cmapss_fd003,lite_mc,500,5.0,5.0,0,3,20,130.0
cmapss_fd003,lite_no_attn_mc,500,5.0,0.0,0,2,20,10.0
cmapss_fd003,lite_no_attn_mc,500,5.0,0.25,0,2,20,10.0
cmapss_fd003,lite_no_attn_mc,500,5.0,0.5,0,2,20,10.0
cmapss_fd003,lite_no_attn_mc,500,5.0,1.0,0,2,20,10.0
cmapss_fd003,lite_no_attn_mc,500,5.0,2.0,0,2,20,10.0
cmapss_fd003,lite_no_attn_mc,500,5.0,5.0,0,2,20,10.0
cmapss_fd003,lite_no_mc,500,5.0,0.0,0,5,20,25.0
cmapss_fd003,lite_no_mc,500,5.0,0.25,0,5,20,31.25
cmapss_fd003,lite_no_mc,500,5.0,0.5,0,5,20,37.5
cmapss_fd003,lite_no_mc,500,5.0,1.0,0,5,20,50.0
cmapss_fd003,lite_no_mc,500,5.0,2.0,0,5,20,75.0
cmapss_fd003,lite_no_mc,500,5.0,5.0,0,5,20,150.0
cmapss_fd003,matched_tcn,1000,0.5,0.0,0,2,20,1.0
cmapss_fd003,matched_tcn,1000,0.5,0.25,0,2,20,1.0
cmapss_fd003,matched_tcn,1000,0.5,0.5,0,2,20,1.0
cmapss_fd003,matched_tcn,1000,0.5,1.0,0,2,20,1.0
cmapss_fd003,matched_tcn,1000,0.5,2.0,0,2,20,1.0
cmapss_fd003,matched_tcn,1000,0.5,5.0,0,2,20,1.0
cmapss_fd003,full_mc,1000,0.5,0.0,0,5,20,2.5
cmapss_fd003,full_mc,1000,0.5,0.25,0,5,20,8.75
cmapss_fd003,full_mc,1000,0.5,0.5,0,5,20,15.0
cmapss_fd003,full_mc,1000,0.5,1.0,0,5,20,27.5
cmapss_fd003,full_mc,1000,0.5,2.0,0,5,20,52.5
cmapss_fd003,full_mc,1000,0.5,5.0,0,5,20,127.5
cmapss_fd003,lite_mc,1000,0.5,0.0,0,3,20,1.5
cmapss_fd003,lite_mc,1000,0.5,0.25,0,3,20,7.25
cmapss_fd003,lite_mc,1000,0.5,0.5,0,3,20,13.0
cmapss_fd003,lite_mc,1000,0.5,1.0,0,3,20,24.5
cmapss_fd003,lite_mc,1000,0.5,2.0,0,3,20,47.5
cmapss_fd003,lite_mc,1000,0.5,5.0,0,3,20,116.5
cmapss_fd003,lite_no_attn_mc,1000,0.5,0.0,0,2,20,1.0
cmapss_fd003,lite_no_attn_mc,1000,0.5,0.25,0,2,20,1.0
cmapss_fd003,lite_no_attn_mc,1000,0.5,0.5,0,2,20,1.0
cmapss_fd003,lite_no_attn_mc,1000,0.5,1.0,0,2,20,1.0
cmapss_fd003,lite_no_attn_mc,1000,0.5,2.0,0,2,20,1.0
cmapss_fd003,lite_no_attn_mc,1000,0.5,5.0,0,2,20,1.0
cmapss_fd003,lite_no_mc,1000,0.5,0.0,0,5,20,2.5
cmapss_fd003,lite_no_mc,1000,0.5,0.25,0,5,20,8.75
cmapss_fd003,lite_no_mc,1000,0.5,0.5,0,5,20,15.0
cmapss_fd003,lite_no_mc,1000,0.5,1.0,0,5,20,27.5
cmapss_fd003,lite_no_mc,1000,0.5,2.0,0,5,20,52.5
cmapss_fd003,lite_no_mc,1000,0.5,5.0,0,5,20,127.5
cmapss_fd003,matched_tcn,1000,1.0,0.0,0,2,20,2.0
cmapss_fd003,matched_tcn,1000,1.0,0.25,0,2,20,2.0
cmapss_fd003,matched_tcn,1000,1.0,0.5,0,2,20,2.0
cmapss_fd003,matched_tcn,1000,1.0,1.0,0,2,20,2.0
cmapss_fd003,matched_tcn,1000,1.0,2.0,0,2,20,2.0
cmapss_fd003,matched_tcn,1000,1.0,5.0,0,2,20,2.0
cmapss_fd003,full_mc,1000,1.0,0.0,0,5,20,5.0
cmapss_fd003,full_mc,1000,1.0,0.25,0,5,20,11.25
cmapss_fd003,full_mc,1000,1.0,0.5,0,5,20,17.5
cmapss_fd003,full_mc,1000,1.0,1.0,0,5,20,30.0
cmapss_fd003,full_mc,1000,1.0,2.0,0,5,20,55.0
cmapss_fd003,full_mc,1000,1.0,5.0,0,5,20,130.0
cmapss_fd003,lite_mc,1000,1.0,0.0,0,3,20,3.0
cmapss_fd003,lite_mc,1000,1.0,0.25,0,3,20,8.75
cmapss_fd003,lite_mc,1000,1.0,0.5,0,3,20,14.5
cmapss_fd003,lite_mc,1000,1.0,1.0,0,3,20,26.0
cmapss_fd003,lite_mc,1000,1.0,2.0,0,3,20,49.0
cmapss_fd003,lite_mc,1000,1.0,5.0,0,3,20,118.0
cmapss_fd003,lite_no_attn_mc,1000,1.0,0.0,0,2,20,2.0
cmapss_fd003,lite_no_attn_mc,1000,1.0,0.25,0,2,20,2.0
cmapss_fd003,lite_no_attn_mc,1000,1.0,0.5,0,2,20,2.0
cmapss_fd003,lite_no_attn_mc,1000,1.0,1.0,0,2,20,2.0
cmapss_fd003,lite_no_attn_mc,1000,1.0,2.0,0,2,20,2.0
cmapss_fd003,lite_no_attn_mc,1000,1.0,5.0,0,2,20,2.0
cmapss_fd003,lite_no_mc,1000,1.0,0.0,0,5,20,5.0
cmapss_fd003,lite_no_mc,1000,1.0,0.25,0,5,20,11.25
cmapss_fd003,lite_no_mc,1000,1.0,0.5,0,5,20,17.5
cmapss_fd003,lite_no_mc,1000,1.0,1.0,0,5,20,30.0
cmapss_fd003,lite_no_mc,1000,1.0,2.0,0,5,20,55.0
cmapss_fd003,lite_no_mc,1000,1.0,5.0,0,5,20,130.0
cmapss_fd003,matched_tcn,1000,2.0,0.0,0,2,20,4.0
cmapss_fd003,matched_tcn,1000,2.0,0.25,0,2,20,4.0
cmapss_fd003,matched_tcn,1000,2.0,0.5,0,2,20,4.0
cmapss_fd003,matched_tcn,1000,2.0,1.0,0,2,20,4.0
cmapss_fd003,matched_tcn,1000,2.0,2.0,0,2,20,4.0
cmapss_fd003,matched_tcn,1000,2.0,5.0,0,2,20,4.0
cmapss_fd003,full_mc,1000,2.0,0.0,0,5,20,10.0
cmapss_fd003,full_mc,1000,2.0,0.25,0,5,20,16.25
cmapss_fd003,full_mc,1000,2.0,0.5,0,5,20,22.5
cmapss_fd003,full_mc,1000,2.0,1.0,0,5,20,35.0
cmapss_fd003,full_mc,1000,2.0,2.0,0,5,20,60.0
cmapss_fd003,full_mc,1000,2.0,5.0,0,5,20,135.0
cmapss_fd003,lite_mc,1000,2.0,0.0,0,3,20,6.0
cmapss_fd003,lite_mc,1000,2.0,0.25,0,3,20,11.75
cmapss_fd003,lite_mc,1000,2.0,0.5,0,3,20,17.5
cmapss_fd003,lite_mc,1000,2.0,1.0,0,3,20,29.0
cmapss_fd003,lite_mc,1000,2.0,2.0,0,3,20,52.0
cmapss_fd003,lite_mc,1000,2.0,5.0,0,3,20,121.0
cmapss_fd003,lite_no_attn_mc,1000,2.0,0.0,0,2,20,4.0
cmapss_fd003,lite_no_attn_mc,1000,2.0,0.25,0,2,20,4.0
cmapss_fd003,lite_no_attn_mc,1000,2.0,0.5,0,2,20,4.0
cmapss_fd003,lite_no_attn_mc,1000,2.0,1.0,0,2,20,4.0
cmapss_fd003,lite_no_attn_mc,1000,2.0,2.0,0,2,20,4.0
cmapss_fd003,lite_no_attn_mc,1000,2.0,5.0,0,2,20,4.0
cmapss_fd003,lite_no_mc,1000,2.0,0.0,0,5,20,10.0
cmapss_fd003,lite_no_mc,1000,2.0,0.25,0,5,20,16.25
cmapss_fd003,lite_no_mc,1000,2.0,0.5,0,5,20,22.5
cmapss_fd003,lite_no_mc,1000,2.0,1.0,0,5,20,35.0
cmapss_fd003,lite_no_mc,1000,2.0,2.0,0,5,20,60.0
cmapss_fd003,lite_no_mc,1000,2.0,5.0,0,5,20,135.0
cmapss_fd003,matched_tcn,1000,5.0,0.0,0,2,20,10.0
cmapss_fd003,matched_tcn,1000,5.0,0.25,0,2,20,10.0
cmapss_fd003,matched_tcn,1000,5.0,0.5,0,2,20,10.0
cmapss_fd003,matched_tcn,1000,5.0,1.0,0,2,20,10.0
cmapss_fd003,matched_tcn,1000,5.0,2.0,0,2,20,10.0
cmapss_fd003,matched_tcn,1000,5.0,5.0,0,2,20,10.0
cmapss_fd003,full_mc,1000,5.0,0.0,0,5,20,25.0
cmapss_fd003,full_mc,1000,5.0,0.25,0,5,20,31.25
cmapss_fd003,full_mc,1000,5.0,0.5,0,5,20,37.5
cmapss_fd003,full_mc,1000,5.0,1.0,0,5,20,50.0
cmapss_fd003,full_mc,1000,5.0,2.0,0,5,20,75.0
cmapss_fd003,full_mc,1000,5.0,5.0,0,5,20,150.0
cmapss_fd003,lite_mc,1000,5.0,0.0,0,3,20,15.0
cmapss_fd003,lite_mc,1000,5.0,0.25,0,3,20,20.75
cmapss_fd003,lite_mc,1000,5.0,0.5,0,3,20,26.5
cmapss_fd003,lite_mc,1000,5.0,1.0,0,3,20,38.0
cmapss_fd003,lite_mc,1000,5.0,2.0,0,3,20,61.0
cmapss_fd003,lite_mc,1000,5.0,5.0,0,3,20,130.0
cmapss_fd003,lite_no_attn_mc,1000,5.0,0.0,0,2,20,10.0
cmapss_fd003,lite_no_attn_mc,1000,5.0,0.25,0,2,20,10.0
cmapss_fd003,lite_no_attn_mc,1000,5.0,0.5,0,2,20,10.0
cmapss_fd003,lite_no_attn_mc,1000,5.0,1.0,0,2,20,10.0
cmapss_fd003,lite_no_attn_mc,1000,5.0,2.0,0,2,20,10.0
cmapss_fd003,lite_no_attn_mc,1000,5.0,5.0,0,2,20,10.0
cmapss_fd003,lite_no_mc,1000,5.0,0.0,0,5,20,25.0
cmapss_fd003,lite_no_mc,1000,5.0,0.25,0,5,20,31.25
cmapss_fd003,lite_no_mc,1000,5.0,0.5,0,5,20,37.5
cmapss_fd003,lite_no_mc,1000,5.0,1.0,0,5,20,50.0
cmapss_fd003,lite_no_mc,1000,5.0,2.0,0,5,20,75.0
cmapss_fd003,lite_no_mc,1000,5.0,5.0,0,5,20,150.0
xjtu,matched_tcn,10,0.5,0.0,0,0,4,0.0
xjtu,matched_tcn,10,0.5,0.25,0,0,4,0.0
xjtu,matched_tcn,10,0.5,0.5,0,0,4,0.0
xjtu,matched_tcn,10,0.5,1.0,0,0,4,0.0
xjtu,matched_tcn,10,0.5,2.0,0,0,4,0.0
xjtu,matched_tcn,10,0.5,5.0,0,0,4,0.0
xjtu,full_mc,10,0.5,0.0,0,0,4,0.0
xjtu,full_mc,10,0.5,0.25,0,0,4,1.0
xjtu,full_mc,10,0.5,0.5,0,0,4,2.0
xjtu,full_mc,10,0.5,1.0,0,0,4,4.0
xjtu,full_mc,10,0.5,2.0,0,0,4,8.0
xjtu,full_mc,10,0.5,5.0,0,0,4,20.0
xjtu,lite_mc,10,0.5,0.0,0,0,4,0.0
xjtu,lite_mc,10,0.5,0.25,0,0,4,1.0
xjtu,lite_mc,10,0.5,0.5,0,0,4,2.0
xjtu,lite_mc,10,0.5,1.0,0,0,4,4.0
xjtu,lite_mc,10,0.5,2.0,0,0,4,8.0
xjtu,lite_mc,10,0.5,5.0,0,0,4,20.0
xjtu,lite_no_attn_mc,10,0.5,0.0,0,0,4,0.0
xjtu,lite_no_attn_mc,10,0.5,0.25,0,0,4,0.0
xjtu,lite_no_attn_mc,10,0.5,0.5,0,0,4,0.0
xjtu,lite_no_attn_mc,10,0.5,1.0,0,0,4,0.0
xjtu,lite_no_attn_mc,10,0.5,2.0,0,0,4,0.0
xjtu,lite_no_attn_mc,10,0.5,5.0,0,0,4,0.0
xjtu,lite_no_mc,10,0.5,0.0,0,0,4,0.0
xjtu,lite_no_mc,10,0.5,0.25,0,0,4,1.0
xjtu,lite_no_mc,10,0.5,0.5,0,0,4,2.0
xjtu,lite_no_mc,10,0.5,1.0,0,0,4,4.0
xjtu,lite_no_mc,10,0.5,2.0,0,0,4,8.0
xjtu,lite_no_mc,10,0.5,5.0,0,0,4,20.0
xjtu,matched_tcn,10,1.0,0.0,0,0,4,0.0
xjtu,matched_tcn,10,1.0,0.25,0,0,4,0.0
xjtu,matched_tcn,10,1.0,0.5,0,0,4,0.0
xjtu,matched_tcn,10,1.0,1.0,0,0,4,0.0
xjtu,matched_tcn,10,1.0,2.0,0,0,4,0.0
xjtu,matched_tcn,10,1.0,5.0,0,0,4,0.0
xjtu,full_mc,10,1.0,0.0,0,0,4,0.0
xjtu,full_mc,10,1.0,0.25,0,0,4,1.0
xjtu,full_mc,10,1.0,0.5,0,0,4,2.0
xjtu,full_mc,10,1.0,1.0,0,0,4,4.0
xjtu,full_mc,10,1.0,2.0,0,0,4,8.0
xjtu,full_mc,10,1.0,5.0,0,0,4,20.0
xjtu,lite_mc,10,1.0,0.0,0,0,4,0.0
xjtu,lite_mc,10,1.0,0.25,0,0,4,1.0
xjtu,lite_mc,10,1.0,0.5,0,0,4,2.0
xjtu,lite_mc,10,1.0,1.0,0,0,4,4.0
xjtu,lite_mc,10,1.0,2.0,0,0,4,8.0
xjtu,lite_mc,10,1.0,5.0,0,0,4,20.0
xjtu,lite_no_attn_mc,10,1.0,0.0,0,0,4,0.0
xjtu,lite_no_attn_mc,10,1.0,0.25,0,0,4,0.0
xjtu,lite_no_attn_mc,10,1.0,0.5,0,0,4,0.0
xjtu,lite_no_attn_mc,10,1.0,1.0,0,0,4,0.0
xjtu,lite_no_attn_mc,10,1.0,2.0,0,0,4,0.0
xjtu,lite_no_attn_mc,10,1.0,5.0,0,0,4,0.0
xjtu,lite_no_mc,10,1.0,0.0,0,0,4,0.0
xjtu,lite_no_mc,10,1.0,0.25,0,0,4,1.0
xjtu,lite_no_mc,10,1.0,0.5,0,0,4,2.0
xjtu,lite_no_mc,10,1.0,1.0,0,0,4,4.0
xjtu,lite_no_mc,10,1.0,2.0,0,0,4,8.0
xjtu,lite_no_mc,10,1.0,5.0,0,0,4,20.0
xjtu,matched_tcn,10,2.0,0.0,0,0,4,0.0
xjtu,matched_tcn,10,2.0,0.25,0,0,4,0.0
xjtu,matched_tcn,10,2.0,0.5,0,0,4,0.0
xjtu,matched_tcn,10,2.0,1.0,0,0,4,0.0
xjtu,matched_tcn,10,2.0,2.0,0,0,4,0.0
xjtu,matched_tcn,10,2.0,5.0,0,0,4,0.0
xjtu,full_mc,10,2.0,0.0,0,0,4,0.0
xjtu,full_mc,10,2.0,0.25,0,0,4,1.0
xjtu,full_mc,10,2.0,0.5,0,0,4,2.0
xjtu,full_mc,10,2.0,1.0,0,0,4,4.0
xjtu,full_mc,10,2.0,2.0,0,0,4,8.0
xjtu,full_mc,10,2.0,5.0,0,0,4,20.0
xjtu,lite_mc,10,2.0,0.0,0,0,4,0.0
xjtu,lite_mc,10,2.0,0.25,0,0,4,1.0
xjtu,lite_mc,10,2.0,0.5,0,0,4,2.0
xjtu,lite_mc,10,2.0,1.0,0,0,4,4.0
xjtu,lite_mc,10,2.0,2.0,0,0,4,8.0
xjtu,lite_mc,10,2.0,5.0,0,0,4,20.0
xjtu,lite_no_attn_mc,10,2.0,0.0,0,0,4,0.0
xjtu,lite_no_attn_mc,10,2.0,0.25,0,0,4,0.0
xjtu,lite_no_attn_mc,10,2.0,0.5,0,0,4,0.0
xjtu,lite_no_attn_mc,10,2.0,1.0,0,0,4,0.0
xjtu,lite_no_attn_mc,10,2.0,2.0,0,0,4,0.0
xjtu,lite_no_attn_mc,10,2.0,5.0,0,0,4,0.0
xjtu,lite_no_mc,10,2.0,0.0,0,0,4,0.0
xjtu,lite_no_mc,10,2.0,0.25,0,0,4,1.0
xjtu,lite_no_mc,10,2.0,0.5,0,0,4,2.0
xjtu,lite_no_mc,10,2.0,1.0,0,0,4,4.0
xjtu,lite_no_mc,10,2.0,2.0,0,0,4,8.0
xjtu,lite_no_mc,10,2.0,5.0,0,0,4,20.0
xjtu,matched_tcn,10,5.0,0.0,0,0,4,0.0
xjtu,matched_tcn,10,5.0,0.25,0,0,4,0.0
xjtu,matched_tcn,10,5.0,0.5,0,0,4,0.0
xjtu,matched_tcn,10,5.0,1.0,0,0,4,0.0
xjtu,matched_tcn,10,5.0,2.0,0,0,4,0.0
xjtu,matched_tcn,10,5.0,5.0,0,0,4,0.0
xjtu,full_mc,10,5.0,0.0,0,0,4,0.0
xjtu,full_mc,10,5.0,0.25,0,0,4,1.0
xjtu,full_mc,10,5.0,0.5,0,0,4,2.0
xjtu,full_mc,10,5.0,1.0,0,0,4,4.0
xjtu,full_mc,10,5.0,2.0,0,0,4,8.0
xjtu,full_mc,10,5.0,5.0,0,0,4,20.0
xjtu,lite_mc,10,5.0,0.0,0,0,4,0.0
xjtu,lite_mc,10,5.0,0.25,0,0,4,1.0
xjtu,lite_mc,10,5.0,0.5,0,0,4,2.0
xjtu,lite_mc,10,5.0,1.0,0,0,4,4.0
xjtu,lite_mc,10,5.0,2.0,0,0,4,8.0
xjtu,lite_mc,10,5.0,5.0,0,0,4,20.0
xjtu,lite_no_attn_mc,10,5.0,0.0,0,0,4,0.0
xjtu,lite_no_attn_mc,10,5.0,0.25,0,0,4,0.0
xjtu,lite_no_attn_mc,10,5.0,0.5,0,0,4,0.0
xjtu,lite_no_attn_mc,10,5.0,1.0,0,0,4,0.0
xjtu,lite_no_attn_mc,10,5.0,2.0,0,0,4,0.0
xjtu,lite_no_attn_mc,10,5.0,5.0,0,0,4,0.0
xjtu,lite_no_mc,10,5.0,0.0,0,0,4,0.0
xjtu,lite_no_mc,10,5.0,0.25,0,0,4,1.0
xjtu,lite_no_mc,10,5.0,0.5,0,0,4,2.0
xjtu,lite_no_mc,10,5.0,1.0,0,0,4,4.0
xjtu,lite_no_mc,10,5.0,2.0,0,0,4,8.0
xjtu,lite_no_mc,10,5.0,5.0,0,0,4,20.0
xjtu,matched_tcn,50,0.5,0.0,0,0,4,0.0
xjtu,matched_tcn,50,0.5,0.25,0,0,4,0.0
xjtu,matched_tcn,50,0.5,0.5,0,0,4,0.0
xjtu,matched_tcn,50,0.5,1.0,0,0,4,0.0
xjtu,matched_tcn,50,0.5,2.0,0,0,4,0.0
xjtu,matched_tcn,50,0.5,5.0,0,0,4,0.0
xjtu,full_mc,50,0.5,0.0,0,0,4,0.0
xjtu,full_mc,50,0.5,0.25,0,0,4,1.0
xjtu,full_mc,50,0.5,0.5,0,0,4,2.0
xjtu,full_mc,50,0.5,1.0,0,0,4,4.0
xjtu,full_mc,50,0.5,2.0,0,0,4,8.0
xjtu,full_mc,50,0.5,5.0,0,0,4,20.0
xjtu,lite_mc,50,0.5,0.0,0,0,4,0.0
xjtu,lite_mc,50,0.5,0.25,0,0,4,1.0
xjtu,lite_mc,50,0.5,0.5,0,0,4,2.0
xjtu,lite_mc,50,0.5,1.0,0,0,4,4.0
xjtu,lite_mc,50,0.5,2.0,0,0,4,8.0
xjtu,lite_mc,50,0.5,5.0,0,0,4,20.0
xjtu,lite_no_attn_mc,50,0.5,0.0,0,0,4,0.0
xjtu,lite_no_attn_mc,50,0.5,0.25,0,0,4,0.0
xjtu,lite_no_attn_mc,50,0.5,0.5,0,0,4,0.0
xjtu,lite_no_attn_mc,50,0.5,1.0,0,0,4,0.0
xjtu,lite_no_attn_mc,50,0.5,2.0,0,0,4,0.0
xjtu,lite_no_attn_mc,50,0.5,5.0,0,0,4,0.0
xjtu,lite_no_mc,50,0.5,0.0,0,0,4,0.0
xjtu,lite_no_mc,50,0.5,0.25,0,0,4,1.0
xjtu,lite_no_mc,50,0.5,0.5,0,0,4,2.0
xjtu,lite_no_mc,50,0.5,1.0,0,0,4,4.0
xjtu,lite_no_mc,50,0.5,2.0,0,0,4,8.0
xjtu,lite_no_mc,50,0.5,5.0,0,0,4,20.0
xjtu,matched_tcn,50,1.0,0.0,0,0,4,0.0
xjtu,matched_tcn,50,1.0,0.25,0,0,4,0.0
xjtu,matched_tcn,50,1.0,0.5,0,0,4,0.0
xjtu,matched_tcn,50,1.0,1.0,0,0,4,0.0
xjtu,matched_tcn,50,1.0,2.0,0,0,4,0.0
xjtu,matched_tcn,50,1.0,5.0,0,0,4,0.0
xjtu,full_mc,50,1.0,0.0,0,0,4,0.0
xjtu,full_mc,50,1.0,0.25,0,0,4,1.0
xjtu,full_mc,50,1.0,0.5,0,0,4,2.0
xjtu,full_mc,50,1.0,1.0,0,0,4,4.0
xjtu,full_mc,50,1.0,2.0,0,0,4,8.0
xjtu,full_mc,50,1.0,5.0,0,0,4,20.0
xjtu,lite_mc,50,1.0,0.0,0,0,4,0.0
xjtu,lite_mc,50,1.0,0.25,0,0,4,1.0
xjtu,lite_mc,50,1.0,0.5,0,0,4,2.0
xjtu,lite_mc,50,1.0,1.0,0,0,4,4.0
xjtu,lite_mc,50,1.0,2.0,0,0,4,8.0
xjtu,lite_mc,50,1.0,5.0,0,0,4,20.0
xjtu,lite_no_attn_mc,50,1.0,0.0,0,0,4,0.0
xjtu,lite_no_attn_mc,50,1.0,0.25,0,0,4,0.0
xjtu,lite_no_attn_mc,50,1.0,0.5,0,0,4,0.0
xjtu,lite_no_attn_mc,50,1.0,1.0,0,0,4,0.0
xjtu,lite_no_attn_mc,50,1.0,2.0,0,0,4,0.0
xjtu,lite_no_attn_mc,50,1.0,5.0,0,0,4,0.0
xjtu,lite_no_mc,50,1.0,0.0,0,0,4,0.0
xjtu,lite_no_mc,50,1.0,0.25,0,0,4,1.0
xjtu,lite_no_mc,50,1.0,0.5,0,0,4,2.0
xjtu,lite_no_mc,50,1.0,1.0,0,0,4,4.0
xjtu,lite_no_mc,50,1.0,2.0,0,0,4,8.0
xjtu,lite_no_mc,50,1.0,5.0,0,0,4,20.0
xjtu,matched_tcn,50,2.0,0.0,0,0,4,0.0
xjtu,matched_tcn,50,2.0,0.25,0,0,4,0.0
xjtu,matched_tcn,50,2.0,0.5,0,0,4,0.0
xjtu,matched_tcn,50,2.0,1.0,0,0,4,0.0
xjtu,matched_tcn,50,2.0,2.0,0,0,4,0.0
xjtu,matched_tcn,50,2.0,5.0,0,0,4,0.0
xjtu,full_mc,50,2.0,0.0,0,0,4,0.0
xjtu,full_mc,50,2.0,0.25,0,0,4,1.0
xjtu,full_mc,50,2.0,0.5,0,0,4,2.0
xjtu,full_mc,50,2.0,1.0,0,0,4,4.0
xjtu,full_mc,50,2.0,2.0,0,0,4,8.0
xjtu,full_mc,50,2.0,5.0,0,0,4,20.0
xjtu,lite_mc,50,2.0,0.0,0,0,4,0.0
xjtu,lite_mc,50,2.0,0.25,0,0,4,1.0
xjtu,lite_mc,50,2.0,0.5,0,0,4,2.0
xjtu,lite_mc,50,2.0,1.0,0,0,4,4.0
xjtu,lite_mc,50,2.0,2.0,0,0,4,8.0
xjtu,lite_mc,50,2.0,5.0,0,0,4,20.0
xjtu,lite_no_attn_mc,50,2.0,0.0,0,0,4,0.0
xjtu,lite_no_attn_mc,50,2.0,0.25,0,0,4,0.0
xjtu,lite_no_attn_mc,50,2.0,0.5,0,0,4,0.0
xjtu,lite_no_attn_mc,50,2.0,1.0,0,0,4,0.0
xjtu,lite_no_attn_mc,50,2.0,2.0,0,0,4,0.0
xjtu,lite_no_attn_mc,50,2.0,5.0,0,0,4,0.0
xjtu,lite_no_mc,50,2.0,0.0,0,0,4,0.0
xjtu,lite_no_mc,50,2.0,0.25,0,0,4,1.0
xjtu,lite_no_mc,50,2.0,0.5,0,0,4,2.0
xjtu,lite_no_mc,50,2.0,1.0,0,0,4,4.0
xjtu,lite_no_mc,50,2.0,2.0,0,0,4,8.0
xjtu,lite_no_mc,50,2.0,5.0,0,0,4,20.0
xjtu,matched_tcn,50,5.0,0.0,0,0,4,0.0
xjtu,matched_tcn,50,5.0,0.25,0,0,4,0.0
xjtu,matched_tcn,50,5.0,0.5,0,0,4,0.0
xjtu,matched_tcn,50,5.0,1.0,0,0,4,0.0
xjtu,matched_tcn,50,5.0,2.0,0,0,4,0.0
xjtu,matched_tcn,50,5.0,5.0,0,0,4,0.0
xjtu,full_mc,50,5.0,0.0,0,0,4,0.0
xjtu,full_mc,50,5.0,0.25,0,0,4,1.0
xjtu,full_mc,50,5.0,0.5,0,0,4,2.0
xjtu,full_mc,50,5.0,1.0,0,0,4,4.0
xjtu,full_mc,50,5.0,2.0,0,0,4,8.0
xjtu,full_mc,50,5.0,5.0,0,0,4,20.0
xjtu,lite_mc,50,5.0,0.0,0,0,4,0.0
xjtu,lite_mc,50,5.0,0.25,0,0,4,1.0
xjtu,lite_mc,50,5.0,0.5,0,0,4,2.0
xjtu,lite_mc,50,5.0,1.0,0,0,4,4.0
xjtu,lite_mc,50,5.0,2.0,0,0,4,8.0
xjtu,lite_mc,50,5.0,5.0,0,0,4,20.0
xjtu,lite_no_attn_mc,50,5.0,0.0,0,0,4,0.0
xjtu,lite_no_attn_mc,50,5.0,0.25,0,0,4,0.0
xjtu,lite_no_attn_mc,50,5.0,0.5,0,0,4,0.0
xjtu,lite_no_attn_mc,50,5.0,1.0,0,0,4,0.0
xjtu,lite_no_attn_mc,50,5.0,2.0,0,0,4,0.0
xjtu,lite_no_attn_mc,50,5.0,5.0,0,0,4,0.0
xjtu,lite_no_mc,50,5.0,0.0,0,0,4,0.0
xjtu,lite_no_mc,50,5.0,0.25,0,0,4,1.0
xjtu,lite_no_mc,50,5.0,0.5,0,0,4,2.0
xjtu,lite_no_mc,50,5.0,1.0,0,0,4,4.0
xjtu,lite_no_mc,50,5.0,2.0,0,0,4,8.0
xjtu,lite_no_mc,50,5.0,5.0,0,0,4,20.0
xjtu,matched_tcn,100,0.5,0.0,0,0,4,0.0
xjtu,matched_tcn,100,0.5,0.25,0,0,4,0.0
xjtu,matched_tcn,100,0.5,0.5,0,0,4,0.0
xjtu,matched_tcn,100,0.5,1.0,0,0,4,0.0
xjtu,matched_tcn,100,0.5,2.0,0,0,4,0.0
xjtu,matched_tcn,100,0.5,5.0,0,0,4,0.0
xjtu,full_mc,100,0.5,0.0,0,0,4,0.0
xjtu,full_mc,100,0.5,0.25,0,0,4,1.0
xjtu,full_mc,100,0.5,0.5,0,0,4,2.0
xjtu,full_mc,100,0.5,1.0,0,0,4,4.0
xjtu,full_mc,100,0.5,2.0,0,0,4,8.0
xjtu,full_mc,100,0.5,5.0,0,0,4,20.0
xjtu,lite_mc,100,0.5,0.0,0,0,4,0.0
xjtu,lite_mc,100,0.5,0.25,0,0,4,1.0
xjtu,lite_mc,100,0.5,0.5,0,0,4,2.0
xjtu,lite_mc,100,0.5,1.0,0,0,4,4.0
xjtu,lite_mc,100,0.5,2.0,0,0,4,8.0
xjtu,lite_mc,100,0.5,5.0,0,0,4,20.0
xjtu,lite_no_attn_mc,100,0.5,0.0,0,0,4,0.0
xjtu,lite_no_attn_mc,100,0.5,0.25,0,0,4,0.0
xjtu,lite_no_attn_mc,100,0.5,0.5,0,0,4,0.0
xjtu,lite_no_attn_mc,100,0.5,1.0,0,0,4,0.0
xjtu,lite_no_attn_mc,100,0.5,2.0,0,0,4,0.0
xjtu,lite_no_attn_mc,100,0.5,5.0,0,0,4,0.0
xjtu,lite_no_mc,100,0.5,0.0,0,0,4,0.0
xjtu,lite_no_mc,100,0.5,0.25,0,0,4,1.0
xjtu,lite_no_mc,100,0.5,0.5,0,0,4,2.0
xjtu,lite_no_mc,100,0.5,1.0,0,0,4,4.0
xjtu,lite_no_mc,100,0.5,2.0,0,0,4,8.0
xjtu,lite_no_mc,100,0.5,5.0,0,0,4,20.0
xjtu,matched_tcn,100,1.0,0.0,0,0,4,0.0
xjtu,matched_tcn,100,1.0,0.25,0,0,4,0.0
xjtu,matched_tcn,100,1.0,0.5,0,0,4,0.0
xjtu,matched_tcn,100,1.0,1.0,0,0,4,0.0
xjtu,matched_tcn,100,1.0,2.0,0,0,4,0.0
xjtu,matched_tcn,100,1.0,5.0,0,0,4,0.0
xjtu,full_mc,100,1.0,0.0,0,0,4,0.0
xjtu,full_mc,100,1.0,0.25,0,0,4,1.0
xjtu,full_mc,100,1.0,0.5,0,0,4,2.0
xjtu,full_mc,100,1.0,1.0,0,0,4,4.0
xjtu,full_mc,100,1.0,2.0,0,0,4,8.0
xjtu,full_mc,100,1.0,5.0,0,0,4,20.0
xjtu,lite_mc,100,1.0,0.0,0,0,4,0.0
xjtu,lite_mc,100,1.0,0.25,0,0,4,1.0
xjtu,lite_mc,100,1.0,0.5,0,0,4,2.0
xjtu,lite_mc,100,1.0,1.0,0,0,4,4.0
xjtu,lite_mc,100,1.0,2.0,0,0,4,8.0
xjtu,lite_mc,100,1.0,5.0,0,0,4,20.0
xjtu,lite_no_attn_mc,100,1.0,0.0,0,0,4,0.0
xjtu,lite_no_attn_mc,100,1.0,0.25,0,0,4,0.0
xjtu,lite_no_attn_mc,100,1.0,0.5,0,0,4,0.0
xjtu,lite_no_attn_mc,100,1.0,1.0,0,0,4,0.0
xjtu,lite_no_attn_mc,100,1.0,2.0,0,0,4,0.0
xjtu,lite_no_attn_mc,100,1.0,5.0,0,0,4,0.0
xjtu,lite_no_mc,100,1.0,0.0,0,0,4,0.0
xjtu,lite_no_mc,100,1.0,0.25,0,0,4,1.0
xjtu,lite_no_mc,100,1.0,0.5,0,0,4,2.0
xjtu,lite_no_mc,100,1.0,1.0,0,0,4,4.0
xjtu,lite_no_mc,100,1.0,2.0,0,0,4,8.0
xjtu,lite_no_mc,100,1.0,5.0,0,0,4,20.0
xjtu,matched_tcn,100,2.0,0.0,0,0,4,0.0
xjtu,matched_tcn,100,2.0,0.25,0,0,4,0.0
xjtu,matched_tcn,100,2.0,0.5,0,0,4,0.0
xjtu,matched_tcn,100,2.0,1.0,0,0,4,0.0
xjtu,matched_tcn,100,2.0,2.0,0,0,4,0.0
xjtu,matched_tcn,100,2.0,5.0,0,0,4,0.0
xjtu,full_mc,100,2.0,0.0,0,0,4,0.0
xjtu,full_mc,100,2.0,0.25,0,0,4,1.0
xjtu,full_mc,100,2.0,0.5,0,0,4,2.0
xjtu,full_mc,100,2.0,1.0,0,0,4,4.0
xjtu,full_mc,100,2.0,2.0,0,0,4,8.0
xjtu,full_mc,100,2.0,5.0,0,0,4,20.0
xjtu,lite_mc,100,2.0,0.0,0,0,4,0.0
xjtu,lite_mc,100,2.0,0.25,0,0,4,1.0
xjtu,lite_mc,100,2.0,0.5,0,0,4,2.0
xjtu,lite_mc,100,2.0,1.0,0,0,4,4.0
xjtu,lite_mc,100,2.0,2.0,0,0,4,8.0
xjtu,lite_mc,100,2.0,5.0,0,0,4,20.0
xjtu,lite_no_attn_mc,100,2.0,0.0,0,0,4,0.0
xjtu,lite_no_attn_mc,100,2.0,0.25,0,0,4,0.0
xjtu,lite_no_attn_mc,100,2.0,0.5,0,0,4,0.0
xjtu,lite_no_attn_mc,100,2.0,1.0,0,0,4,0.0
xjtu,lite_no_attn_mc,100,2.0,2.0,0,0,4,0.0
xjtu,lite_no_attn_mc,100,2.0,5.0,0,0,4,0.0
xjtu,lite_no_mc,100,2.0,0.0,0,0,4,0.0
xjtu,lite_no_mc,100,2.0,0.25,0,0,4,1.0
xjtu,lite_no_mc,100,2.0,0.5,0,0,4,2.0
xjtu,lite_no_mc,100,2.0,1.0,0,0,4,4.0
xjtu,lite_no_mc,100,2.0,2.0,0,0,4,8.0
xjtu,lite_no_mc,100,2.0,5.0,0,0,4,20.0
xjtu,matched_tcn,100,5.0,0.0,0,0,4,0.0
xjtu,matched_tcn,100,5.0,0.25,0,0,4,0.0
xjtu,matched_tcn,100,5.0,0.5,0,0,4,0.0
xjtu,matched_tcn,100,5.0,1.0,0,0,4,0.0
xjtu,matched_tcn,100,5.0,2.0,0,0,4,0.0
xjtu,matched_tcn,100,5.0,5.0,0,0,4,0.0
xjtu,full_mc,100,5.0,0.0,0,0,4,0.0
xjtu,full_mc,100,5.0,0.25,0,0,4,1.0
xjtu,full_mc,100,5.0,0.5,0,0,4,2.0
xjtu,full_mc,100,5.0,1.0,0,0,4,4.0
xjtu,full_mc,100,5.0,2.0,0,0,4,8.0
xjtu,full_mc,100,5.0,5.0,0,0,4,20.0
xjtu,lite_mc,100,5.0,0.0,0,0,4,0.0
xjtu,lite_mc,100,5.0,0.25,0,0,4,1.0
xjtu,lite_mc,100,5.0,0.5,0,0,4,2.0
xjtu,lite_mc,100,5.0,1.0,0,0,4,4.0
xjtu,lite_mc,100,5.0,2.0,0,0,4,8.0
xjtu,lite_mc,100,5.0,5.0,0,0,4,20.0
xjtu,lite_no_attn_mc,100,5.0,0.0,0,0,4,0.0
xjtu,lite_no_attn_mc,100,5.0,0.25,0,0,4,0.0
xjtu,lite_no_attn_mc,100,5.0,0.5,0,0,4,0.0
xjtu,lite_no_attn_mc,100,5.0,1.0,0,0,4,0.0
xjtu,lite_no_attn_mc,100,5.0,2.0,0,0,4,0.0
xjtu,lite_no_attn_mc,100,5.0,5.0,0,0,4,0.0
xjtu,lite_no_mc,100,5.0,0.0,0,0,4,0.0
xjtu,lite_no_mc,100,5.0,0.25,0,0,4,1.0
xjtu,lite_no_mc,100,5.0,0.5,0,0,4,2.0
xjtu,lite_no_mc,100,5.0,1.0,0,0,4,4.0
xjtu,lite_no_mc,100,5.0,2.0,0,0,4,8.0
xjtu,lite_no_mc,100,5.0,5.0,0,0,4,20.0
xjtu,matched_tcn,500,0.5,0.0,0,0,4,0.0
xjtu,matched_tcn,500,0.5,0.25,0,0,4,0.0
xjtu,matched_tcn,500,0.5,0.5,0,0,4,0.0
xjtu,matched_tcn,500,0.5,1.0,0,0,4,0.0
xjtu,matched_tcn,500,0.5,2.0,0,0,4,0.0
xjtu,matched_tcn,500,0.5,5.0,0,0,4,0.0
xjtu,full_mc,500,0.5,0.0,0,0,4,0.0
xjtu,full_mc,500,0.5,0.25,0,0,4,1.0
xjtu,full_mc,500,0.5,0.5,0,0,4,2.0
xjtu,full_mc,500,0.5,1.0,0,0,4,4.0
xjtu,full_mc,500,0.5,2.0,0,0,4,8.0
xjtu,full_mc,500,0.5,5.0,0,0,4,20.0
xjtu,lite_mc,500,0.5,0.0,0,0,4,0.0
xjtu,lite_mc,500,0.5,0.25,0,0,4,1.0
xjtu,lite_mc,500,0.5,0.5,0,0,4,2.0
xjtu,lite_mc,500,0.5,1.0,0,0,4,4.0
xjtu,lite_mc,500,0.5,2.0,0,0,4,8.0
xjtu,lite_mc,500,0.5,5.0,0,0,4,20.0
xjtu,lite_no_attn_mc,500,0.5,0.0,0,0,4,0.0
xjtu,lite_no_attn_mc,500,0.5,0.25,0,0,4,0.0
xjtu,lite_no_attn_mc,500,0.5,0.5,0,0,4,0.0
xjtu,lite_no_attn_mc,500,0.5,1.0,0,0,4,0.0
xjtu,lite_no_attn_mc,500,0.5,2.0,0,0,4,0.0
xjtu,lite_no_attn_mc,500,0.5,5.0,0,0,4,0.0
xjtu,lite_no_mc,500,0.5,0.0,0,0,4,0.0
xjtu,lite_no_mc,500,0.5,0.25,0,0,4,1.0
xjtu,lite_no_mc,500,0.5,0.5,0,0,4,2.0
xjtu,lite_no_mc,500,0.5,1.0,0,0,4,4.0
xjtu,lite_no_mc,500,0.5,2.0,0,0,4,8.0
xjtu,lite_no_mc,500,0.5,5.0,0,0,4,20.0
xjtu,matched_tcn,500,1.0,0.0,0,0,4,0.0
xjtu,matched_tcn,500,1.0,0.25,0,0,4,0.0
xjtu,matched_tcn,500,1.0,0.5,0,0,4,0.0
xjtu,matched_tcn,500,1.0,1.0,0,0,4,0.0
xjtu,matched_tcn,500,1.0,2.0,0,0,4,0.0
xjtu,matched_tcn,500,1.0,5.0,0,0,4,0.0
xjtu,full_mc,500,1.0,0.0,0,0,4,0.0
xjtu,full_mc,500,1.0,0.25,0,0,4,1.0
xjtu,full_mc,500,1.0,0.5,0,0,4,2.0
xjtu,full_mc,500,1.0,1.0,0,0,4,4.0
xjtu,full_mc,500,1.0,2.0,0,0,4,8.0
xjtu,full_mc,500,1.0,5.0,0,0,4,20.0
xjtu,lite_mc,500,1.0,0.0,0,0,4,0.0
xjtu,lite_mc,500,1.0,0.25,0,0,4,1.0
xjtu,lite_mc,500,1.0,0.5,0,0,4,2.0
xjtu,lite_mc,500,1.0,1.0,0,0,4,4.0
xjtu,lite_mc,500,1.0,2.0,0,0,4,8.0
xjtu,lite_mc,500,1.0,5.0,0,0,4,20.0
xjtu,lite_no_attn_mc,500,1.0,0.0,0,0,4,0.0
xjtu,lite_no_attn_mc,500,1.0,0.25,0,0,4,0.0
xjtu,lite_no_attn_mc,500,1.0,0.5,0,0,4,0.0
xjtu,lite_no_attn_mc,500,1.0,1.0,0,0,4,0.0
xjtu,lite_no_attn_mc,500,1.0,2.0,0,0,4,0.0
xjtu,lite_no_attn_mc,500,1.0,5.0,0,0,4,0.0
xjtu,lite_no_mc,500,1.0,0.0,0,0,4,0.0
xjtu,lite_no_mc,500,1.0,0.25,0,0,4,1.0
xjtu,lite_no_mc,500,1.0,0.5,0,0,4,2.0
xjtu,lite_no_mc,500,1.0,1.0,0,0,4,4.0
xjtu,lite_no_mc,500,1.0,2.0,0,0,4,8.0
xjtu,lite_no_mc,500,1.0,5.0,0,0,4,20.0
xjtu,matched_tcn,500,2.0,0.0,0,0,4,0.0
xjtu,matched_tcn,500,2.0,0.25,0,0,4,0.0
xjtu,matched_tcn,500,2.0,0.5,0,0,4,0.0
xjtu,matched_tcn,500,2.0,1.0,0,0,4,0.0
xjtu,matched_tcn,500,2.0,2.0,0,0,4,0.0
xjtu,matched_tcn,500,2.0,5.0,0,0,4,0.0
xjtu,full_mc,500,2.0,0.0,0,0,4,0.0
xjtu,full_mc,500,2.0,0.25,0,0,4,1.0
xjtu,full_mc,500,2.0,0.5,0,0,4,2.0
xjtu,full_mc,500,2.0,1.0,0,0,4,4.0
xjtu,full_mc,500,2.0,2.0,0,0,4,8.0
xjtu,full_mc,500,2.0,5.0,0,0,4,20.0
xjtu,lite_mc,500,2.0,0.0,0,0,4,0.0
xjtu,lite_mc,500,2.0,0.25,0,0,4,1.0
xjtu,lite_mc,500,2.0,0.5,0,0,4,2.0
xjtu,lite_mc,500,2.0,1.0,0,0,4,4.0
xjtu,lite_mc,500,2.0,2.0,0,0,4,8.0
xjtu,lite_mc,500,2.0,5.0,0,0,4,20.0
xjtu,lite_no_attn_mc,500,2.0,0.0,0,0,4,0.0
xjtu,lite_no_attn_mc,500,2.0,0.25,0,0,4,0.0
xjtu,lite_no_attn_mc,500,2.0,0.5,0,0,4,0.0
xjtu,lite_no_attn_mc,500,2.0,1.0,0,0,4,0.0
xjtu,lite_no_attn_mc,500,2.0,2.0,0,0,4,0.0
xjtu,lite_no_attn_mc,500,2.0,5.0,0,0,4,0.0
xjtu,lite_no_mc,500,2.0,0.0,0,0,4,0.0
xjtu,lite_no_mc,500,2.0,0.25,0,0,4,1.0
xjtu,lite_no_mc,500,2.0,0.5,0,0,4,2.0
xjtu,lite_no_mc,500,2.0,1.0,0,0,4,4.0
xjtu,lite_no_mc,500,2.0,2.0,0,0,4,8.0
xjtu,lite_no_mc,500,2.0,5.0,0,0,4,20.0
xjtu,matched_tcn,500,5.0,0.0,0,0,4,0.0
xjtu,matched_tcn,500,5.0,0.25,0,0,4,0.0
xjtu,matched_tcn,500,5.0,0.5,0,0,4,0.0
xjtu,matched_tcn,500,5.0,1.0,0,0,4,0.0
xjtu,matched_tcn,500,5.0,2.0,0,0,4,0.0
xjtu,matched_tcn,500,5.0,5.0,0,0,4,0.0
xjtu,full_mc,500,5.0,0.0,0,0,4,0.0
xjtu,full_mc,500,5.0,0.25,0,0,4,1.0
xjtu,full_mc,500,5.0,0.5,0,0,4,2.0
xjtu,full_mc,500,5.0,1.0,0,0,4,4.0
xjtu,full_mc,500,5.0,2.0,0,0,4,8.0
xjtu,full_mc,500,5.0,5.0,0,0,4,20.0
xjtu,lite_mc,500,5.0,0.0,0,0,4,0.0
xjtu,lite_mc,500,5.0,0.25,0,0,4,1.0
xjtu,lite_mc,500,5.0,0.5,0,0,4,2.0
xjtu,lite_mc,500,5.0,1.0,0,0,4,4.0
xjtu,lite_mc,500,5.0,2.0,0,0,4,8.0
xjtu,lite_mc,500,5.0,5.0,0,0,4,20.0
xjtu,lite_no_attn_mc,500,5.0,0.0,0,0,4,0.0
xjtu,lite_no_attn_mc,500,5.0,0.25,0,0,4,0.0
xjtu,lite_no_attn_mc,500,5.0,0.5,0,0,4,0.0
xjtu,lite_no_attn_mc,500,5.0,1.0,0,0,4,0.0
xjtu,lite_no_attn_mc,500,5.0,2.0,0,0,4,0.0
xjtu,lite_no_attn_mc,500,5.0,5.0,0,0,4,0.0
xjtu,lite_no_mc,500,5.0,0.0,0,0,4,0.0
xjtu,lite_no_mc,500,5.0,0.25,0,0,4,1.0
xjtu,lite_no_mc,500,5.0,0.5,0,0,4,2.0
xjtu,lite_no_mc,500,5.0,1.0,0,0,4,4.0
xjtu,lite_no_mc,500,5.0,2.0,0,0,4,8.0
xjtu,lite_no_mc,500,5.0,5.0,0,0,4,20.0
xjtu,matched_tcn,1000,0.5,0.0,0,0,4,0.0
xjtu,matched_tcn,1000,0.5,0.25,0,0,4,0.0
xjtu,matched_tcn,1000,0.5,0.5,0,0,4,0.0
xjtu,matched_tcn,1000,0.5,1.0,0,0,4,0.0
xjtu,matched_tcn,1000,0.5,2.0,0,0,4,0.0
xjtu,matched_tcn,1000,0.5,5.0,0,0,4,0.0
xjtu,full_mc,1000,0.5,0.0,0,0,4,0.0
xjtu,full_mc,1000,0.5,0.25,0,0,4,1.0
xjtu,full_mc,1000,0.5,0.5,0,0,4,2.0
xjtu,full_mc,1000,0.5,1.0,0,0,4,4.0
xjtu,full_mc,1000,0.5,2.0,0,0,4,8.0
xjtu,full_mc,1000,0.5,5.0,0,0,4,20.0
xjtu,lite_mc,1000,0.5,0.0,0,0,4,0.0
xjtu,lite_mc,1000,0.5,0.25,0,0,4,1.0
xjtu,lite_mc,1000,0.5,0.5,0,0,4,2.0
xjtu,lite_mc,1000,0.5,1.0,0,0,4,4.0
xjtu,lite_mc,1000,0.5,2.0,0,0,4,8.0
xjtu,lite_mc,1000,0.5,5.0,0,0,4,20.0
xjtu,lite_no_attn_mc,1000,0.5,0.0,0,0,4,0.0
xjtu,lite_no_attn_mc,1000,0.5,0.25,0,0,4,0.0
xjtu,lite_no_attn_mc,1000,0.5,0.5,0,0,4,0.0
xjtu,lite_no_attn_mc,1000,0.5,1.0,0,0,4,0.0
xjtu,lite_no_attn_mc,1000,0.5,2.0,0,0,4,0.0
xjtu,lite_no_attn_mc,1000,0.5,5.0,0,0,4,0.0
xjtu,lite_no_mc,1000,0.5,0.0,0,0,4,0.0
xjtu,lite_no_mc,1000,0.5,0.25,0,0,4,1.0
xjtu,lite_no_mc,1000,0.5,0.5,0,0,4,2.0
xjtu,lite_no_mc,1000,0.5,1.0,0,0,4,4.0
xjtu,lite_no_mc,1000,0.5,2.0,0,0,4,8.0
xjtu,lite_no_mc,1000,0.5,5.0,0,0,4,20.0
xjtu,matched_tcn,1000,1.0,0.0,0,0,4,0.0
xjtu,matched_tcn,1000,1.0,0.25,0,0,4,0.0
xjtu,matched_tcn,1000,1.0,0.5,0,0,4,0.0
xjtu,matched_tcn,1000,1.0,1.0,0,0,4,0.0
xjtu,matched_tcn,1000,1.0,2.0,0,0,4,0.0
xjtu,matched_tcn,1000,1.0,5.0,0,0,4,0.0
xjtu,full_mc,1000,1.0,0.0,0,0,4,0.0
xjtu,full_mc,1000,1.0,0.25,0,0,4,1.0
xjtu,full_mc,1000,1.0,0.5,0,0,4,2.0
xjtu,full_mc,1000,1.0,1.0,0,0,4,4.0
xjtu,full_mc,1000,1.0,2.0,0,0,4,8.0
xjtu,full_mc,1000,1.0,5.0,0,0,4,20.0
xjtu,lite_mc,1000,1.0,0.0,0,0,4,0.0
xjtu,lite_mc,1000,1.0,0.25,0,0,4,1.0
xjtu,lite_mc,1000,1.0,0.5,0,0,4,2.0
xjtu,lite_mc,1000,1.0,1.0,0,0,4,4.0
xjtu,lite_mc,1000,1.0,2.0,0,0,4,8.0
xjtu,lite_mc,1000,1.0,5.0,0,0,4,20.0
xjtu,lite_no_attn_mc,1000,1.0,0.0,0,0,4,0.0
xjtu,lite_no_attn_mc,1000,1.0,0.25,0,0,4,0.0
xjtu,lite_no_attn_mc,1000,1.0,0.5,0,0,4,0.0
xjtu,lite_no_attn_mc,1000,1.0,1.0,0,0,4,0.0
xjtu,lite_no_attn_mc,1000,1.0,2.0,0,0,4,0.0
xjtu,lite_no_attn_mc,1000,1.0,5.0,0,0,4,0.0
xjtu,lite_no_mc,1000,1.0,0.0,0,0,4,0.0
xjtu,lite_no_mc,1000,1.0,0.25,0,0,4,1.0
xjtu,lite_no_mc,1000,1.0,0.5,0,0,4,2.0
xjtu,lite_no_mc,1000,1.0,1.0,0,0,4,4.0
xjtu,lite_no_mc,1000,1.0,2.0,0,0,4,8.0
xjtu,lite_no_mc,1000,1.0,5.0,0,0,4,20.0
xjtu,matched_tcn,1000,2.0,0.0,0,0,4,0.0
xjtu,matched_tcn,1000,2.0,0.25,0,0,4,0.0
xjtu,matched_tcn,1000,2.0,0.5,0,0,4,0.0
xjtu,matched_tcn,1000,2.0,1.0,0,0,4,0.0
xjtu,matched_tcn,1000,2.0,2.0,0,0,4,0.0
xjtu,matched_tcn,1000,2.0,5.0,0,0,4,0.0
xjtu,full_mc,1000,2.0,0.0,0,0,4,0.0
xjtu,full_mc,1000,2.0,0.25,0,0,4,1.0
xjtu,full_mc,1000,2.0,0.5,0,0,4,2.0
xjtu,full_mc,1000,2.0,1.0,0,0,4,4.0
xjtu,full_mc,1000,2.0,2.0,0,0,4,8.0
xjtu,full_mc,1000,2.0,5.0,0,0,4,20.0
xjtu,lite_mc,1000,2.0,0.0,0,0,4,0.0
xjtu,lite_mc,1000,2.0,0.25,0,0,4,1.0
xjtu,lite_mc,1000,2.0,0.5,0,0,4,2.0
xjtu,lite_mc,1000,2.0,1.0,0,0,4,4.0
xjtu,lite_mc,1000,2.0,2.0,0,0,4,8.0
xjtu,lite_mc,1000,2.0,5.0,0,0,4,20.0
xjtu,lite_no_attn_mc,1000,2.0,0.0,0,0,4,0.0
xjtu,lite_no_attn_mc,1000,2.0,0.25,0,0,4,0.0
xjtu,lite_no_attn_mc,1000,2.0,0.5,0,0,4,0.0
xjtu,lite_no_attn_mc,1000,2.0,1.0,0,0,4,0.0
xjtu,lite_no_attn_mc,1000,2.0,2.0,0,0,4,0.0
xjtu,lite_no_attn_mc,1000,2.0,5.0,0,0,4,0.0
xjtu,lite_no_mc,1000,2.0,0.0,0,0,4,0.0
xjtu,lite_no_mc,1000,2.0,0.25,0,0,4,1.0
xjtu,lite_no_mc,1000,2.0,0.5,0,0,4,2.0
xjtu,lite_no_mc,1000,2.0,1.0,0,0,4,4.0
xjtu,lite_no_mc,1000,2.0,2.0,0,0,4,8.0
xjtu,lite_no_mc,1000,2.0,5.0,0,0,4,20.0
xjtu,matched_tcn,1000,5.0,0.0,0,0,4,0.0
xjtu,matched_tcn,1000,5.0,0.25,0,0,4,0.0
xjtu,matched_tcn,1000,5.0,0.5,0,0,4,0.0
xjtu,matched_tcn,1000,5.0,1.0,0,0,4,0.0
xjtu,matched_tcn,1000,5.0,2.0,0,0,4,0.0
xjtu,matched_tcn,1000,5.0,5.0,0,0,4,0.0
xjtu,full_mc,1000,5.0,0.0,0,0,4,0.0
xjtu,full_mc,1000,5.0,0.25,0,0,4,1.0
xjtu,full_mc,1000,5.0,0.5,0,0,4,2.0
xjtu,full_mc,1000,5.0,1.0,0,0,4,4.0
xjtu,full_mc,1000,5.0,2.0,0,0,4,8.0
xjtu,full_mc,1000,5.0,5.0,0,0,4,20.0
xjtu,lite_mc,1000,5.0,0.0,0,0,4,0.0
xjtu,lite_mc,1000,5.0,0.25,0,0,4,1.0
xjtu,lite_mc,1000,5.0,0.5,0,0,4,2.0
xjtu,lite_mc,1000,5.0,1.0,0,0,4,4.0
xjtu,lite_mc,1000,5.0,2.0,0,0,4,8.0
xjtu,lite_mc,1000,5.0,5.0,0,0,4,20.0
xjtu,lite_no_attn_mc,1000,5.0,0.0,0,0,4,0.0
xjtu,lite_no_attn_mc,1000,5.0,0.25,0,0,4,0.0
xjtu,lite_no_attn_mc,1000,5.0,0.5,0,0,4,0.0
xjtu,lite_no_attn_mc,1000,5.0,1.0,0,0,4,0.0
xjtu,lite_no_attn_mc,1000,5.0,2.0,0,0,4,0.0
xjtu,lite_no_attn_mc,1000,5.0,5.0,0,0,4,0.0
xjtu,lite_no_mc,1000,5.0,0.0,0,0,4,0.0
xjtu,lite_no_mc,1000,5.0,0.25,0,0,4,1.0
xjtu,lite_no_mc,1000,5.0,0.5,0,0,4,2.0
xjtu,lite_no_mc,1000,5.0,1.0,0,0,4,4.0
xjtu,lite_no_mc,1000,5.0,2.0,0,0,4,8.0
xjtu,lite_no_mc,1000,5.0,5.0,0,0,4,20.0
ur3,matched_tcn,10,0.5,0.0,0,6,25,3.0
ur3,matched_tcn,10,0.5,0.25,0,6,25,3.0
ur3,matched_tcn,10,0.5,0.5,0,6,25,3.0
ur3,matched_tcn,10,0.5,1.0,0,6,25,3.0
ur3,matched_tcn,10,0.5,2.0,0,6,25,3.0
ur3,matched_tcn,10,0.5,5.0,0,6,25,3.0
ur3,full_mc,10,0.5,0.0,0,9,25,4.5
ur3,full_mc,10,0.5,0.25,0,9,25,13.0
ur3,full_mc,10,0.5,0.5,0,9,25,21.5
ur3,full_mc,10,0.5,1.0,0,9,25,38.5
ur3,full_mc,10,0.5,2.0,0,9,25,72.5
ur3,full_mc,10,0.5,5.0,0,9,25,174.5
ur3,lite_mc,10,0.5,0.0,0,11,25,5.5
ur3,lite_mc,10,0.5,0.25,0,11,25,14.5
ur3,lite_mc,10,0.5,0.5,0,11,25,23.5
ur3,lite_mc,10,0.5,1.0,0,11,25,41.5
ur3,lite_mc,10,0.5,2.0,0,11,25,77.5
ur3,lite_mc,10,0.5,5.0,0,11,25,185.5
ur3,lite_no_attn_mc,10,0.5,0.0,0,6,25,3.0
ur3,lite_no_attn_mc,10,0.5,0.25,0,6,25,3.0
ur3,lite_no_attn_mc,10,0.5,0.5,0,6,25,3.0
ur3,lite_no_attn_mc,10,0.5,1.0,0,6,25,3.0
ur3,lite_no_attn_mc,10,0.5,2.0,0,6,25,3.0
ur3,lite_no_attn_mc,10,0.5,5.0,0,6,25,3.0
ur3,lite_no_mc,10,0.5,0.0,0,9,25,4.5
ur3,lite_no_mc,10,0.5,0.25,0,9,25,13.0
ur3,lite_no_mc,10,0.5,0.5,0,9,25,21.5
ur3,lite_no_mc,10,0.5,1.0,0,9,25,38.5
ur3,lite_no_mc,10,0.5,2.0,0,9,25,72.5
ur3,lite_no_mc,10,0.5,5.0,0,9,25,174.5
ur3,matched_tcn,10,1.0,0.0,0,6,25,6.0
ur3,matched_tcn,10,1.0,0.25,0,6,25,6.0
ur3,matched_tcn,10,1.0,0.5,0,6,25,6.0
ur3,matched_tcn,10,1.0,1.0,0,6,25,6.0
ur3,matched_tcn,10,1.0,2.0,0,6,25,6.0
ur3,matched_tcn,10,1.0,5.0,0,6,25,6.0
ur3,full_mc,10,1.0,0.0,0,9,25,9.0
ur3,full_mc,10,1.0,0.25,0,9,25,17.5
ur3,full_mc,10,1.0,0.5,0,9,25,26.0
ur3,full_mc,10,1.0,1.0,0,9,25,43.0
ur3,full_mc,10,1.0,2.0,0,9,25,77.0
ur3,full_mc,10,1.0,5.0,0,9,25,179.0
ur3,lite_mc,10,1.0,0.0,0,11,25,11.0
ur3,lite_mc,10,1.0,0.25,0,11,25,20.0
ur3,lite_mc,10,1.0,0.5,0,11,25,29.0
ur3,lite_mc,10,1.0,1.0,0,11,25,47.0
ur3,lite_mc,10,1.0,2.0,0,11,25,83.0
ur3,lite_mc,10,1.0,5.0,0,11,25,191.0
ur3,lite_no_attn_mc,10,1.0,0.0,0,6,25,6.0
ur3,lite_no_attn_mc,10,1.0,0.25,0,6,25,6.0
ur3,lite_no_attn_mc,10,1.0,0.5,0,6,25,6.0
ur3,lite_no_attn_mc,10,1.0,1.0,0,6,25,6.0
ur3,lite_no_attn_mc,10,1.0,2.0,0,6,25,6.0
ur3,lite_no_attn_mc,10,1.0,5.0,0,6,25,6.0
ur3,lite_no_mc,10,1.0,0.0,0,9,25,9.0
ur3,lite_no_mc,10,1.0,0.25,0,9,25,17.5
ur3,lite_no_mc,10,1.0,0.5,0,9,25,26.0
ur3,lite_no_mc,10,1.0,1.0,0,9,25,43.0
ur3,lite_no_mc,10,1.0,2.0,0,9,25,77.0
ur3,lite_no_mc,10,1.0,5.0,0,9,25,179.0
ur3,matched_tcn,10,2.0,0.0,0,6,25,12.0
ur3,matched_tcn,10,2.0,0.25,0,6,25,12.0
ur3,matched_tcn,10,2.0,0.5,0,6,25,12.0
ur3,matched_tcn,10,2.0,1.0,0,6,25,12.0
ur3,matched_tcn,10,2.0,2.0,0,6,25,12.0
ur3,matched_tcn,10,2.0,5.0,0,6,25,12.0
ur3,full_mc,10,2.0,0.0,0,9,25,18.0
ur3,full_mc,10,2.0,0.25,0,9,25,26.5
ur3,full_mc,10,2.0,0.5,0,9,25,35.0
ur3,full_mc,10,2.0,1.0,0,9,25,52.0
ur3,full_mc,10,2.0,2.0,0,9,25,86.0
ur3,full_mc,10,2.0,5.0,0,9,25,188.0
ur3,lite_mc,10,2.0,0.0,0,11,25,22.0
ur3,lite_mc,10,2.0,0.25,0,11,25,31.0
ur3,lite_mc,10,2.0,0.5,0,11,25,40.0
ur3,lite_mc,10,2.0,1.0,0,11,25,58.0
ur3,lite_mc,10,2.0,2.0,0,11,25,94.0
ur3,lite_mc,10,2.0,5.0,0,11,25,202.0
ur3,lite_no_attn_mc,10,2.0,0.0,0,6,25,12.0
ur3,lite_no_attn_mc,10,2.0,0.25,0,6,25,12.0
ur3,lite_no_attn_mc,10,2.0,0.5,0,6,25,12.0
ur3,lite_no_attn_mc,10,2.0,1.0,0,6,25,12.0
ur3,lite_no_attn_mc,10,2.0,2.0,0,6,25,12.0
ur3,lite_no_attn_mc,10,2.0,5.0,0,6,25,12.0
ur3,lite_no_mc,10,2.0,0.0,0,9,25,18.0
ur3,lite_no_mc,10,2.0,0.25,0,9,25,26.5
ur3,lite_no_mc,10,2.0,0.5,0,9,25,35.0
ur3,lite_no_mc,10,2.0,1.0,0,9,25,52.0
ur3,lite_no_mc,10,2.0,2.0,0,9,25,86.0
ur3,lite_no_mc,10,2.0,5.0,0,9,25,188.0
ur3,matched_tcn,10,5.0,0.0,0,6,25,30.0
ur3,matched_tcn,10,5.0,0.25,0,6,25,30.0
ur3,matched_tcn,10,5.0,0.5,0,6,25,30.0
ur3,matched_tcn,10,5.0,1.0,0,6,25,30.0
ur3,matched_tcn,10,5.0,2.0,0,6,25,30.0
ur3,matched_tcn,10,5.0,5.0,0,6,25,30.0
ur3,full_mc,10,5.0,0.0,0,9,25,45.0
ur3,full_mc,10,5.0,0.25,0,9,25,53.5
ur3,full_mc,10,5.0,0.5,0,9,25,62.0
ur3,full_mc,10,5.0,1.0,0,9,25,79.0
ur3,full_mc,10,5.0,2.0,0,9,25,113.0
ur3,full_mc,10,5.0,5.0,0,9,25,215.0
ur3,lite_mc,10,5.0,0.0,0,11,25,55.0
ur3,lite_mc,10,5.0,0.25,0,11,25,64.0
ur3,lite_mc,10,5.0,0.5,0,11,25,73.0
ur3,lite_mc,10,5.0,1.0,0,11,25,91.0
ur3,lite_mc,10,5.0,2.0,0,11,25,127.0
ur3,lite_mc,10,5.0,5.0,0,11,25,235.0
ur3,lite_no_attn_mc,10,5.0,0.0,0,6,25,30.0
ur3,lite_no_attn_mc,10,5.0,0.25,0,6,25,30.0
ur3,lite_no_attn_mc,10,5.0,0.5,0,6,25,30.0
ur3,lite_no_attn_mc,10,5.0,1.0,0,6,25,30.0
ur3,lite_no_attn_mc,10,5.0,2.0,0,6,25,30.0
ur3,lite_no_attn_mc,10,5.0,5.0,0,6,25,30.0
ur3,lite_no_mc,10,5.0,0.0,0,9,25,45.0
ur3,lite_no_mc,10,5.0,0.25,0,9,25,53.5
ur3,lite_no_mc,10,5.0,0.5,0,9,25,62.0
ur3,lite_no_mc,10,5.0,1.0,0,9,25,79.0
ur3,lite_no_mc,10,5.0,2.0,0,9,25,113.0
ur3,lite_no_mc,10,5.0,5.0,0,9,25,215.0
ur3,matched_tcn,50,0.5,0.0,0,6,25,3.0
ur3,matched_tcn,50,0.5,0.25,0,6,25,3.0
ur3,matched_tcn,50,0.5,0.5,0,6,25,3.0
ur3,matched_tcn,50,0.5,1.0,0,6,25,3.0
ur3,matched_tcn,50,0.5,2.0,0,6,25,3.0
ur3,matched_tcn,50,0.5,5.0,0,6,25,3.0
ur3,full_mc,50,0.5,0.0,0,9,25,4.5
ur3,full_mc,50,0.5,0.25,0,9,25,13.0
ur3,full_mc,50,0.5,0.5,0,9,25,21.5
ur3,full_mc,50,0.5,1.0,0,9,25,38.5
ur3,full_mc,50,0.5,2.0,0,9,25,72.5
ur3,full_mc,50,0.5,5.0,0,9,25,174.5
ur3,lite_mc,50,0.5,0.0,0,11,25,5.5
ur3,lite_mc,50,0.5,0.25,0,11,25,14.5
ur3,lite_mc,50,0.5,0.5,0,11,25,23.5
ur3,lite_mc,50,0.5,1.0,0,11,25,41.5
ur3,lite_mc,50,0.5,2.0,0,11,25,77.5
ur3,lite_mc,50,0.5,5.0,0,11,25,185.5
ur3,lite_no_attn_mc,50,0.5,0.0,0,6,25,3.0
ur3,lite_no_attn_mc,50,0.5,0.25,0,6,25,3.0
ur3,lite_no_attn_mc,50,0.5,0.5,0,6,25,3.0
ur3,lite_no_attn_mc,50,0.5,1.0,0,6,25,3.0
ur3,lite_no_attn_mc,50,0.5,2.0,0,6,25,3.0
ur3,lite_no_attn_mc,50,0.5,5.0,0,6,25,3.0
ur3,lite_no_mc,50,0.5,0.0,0,9,25,4.5
ur3,lite_no_mc,50,0.5,0.25,0,9,25,13.0
ur3,lite_no_mc,50,0.5,0.5,0,9,25,21.5
ur3,lite_no_mc,50,0.5,1.0,0,9,25,38.5
ur3,lite_no_mc,50,0.5,2.0,0,9,25,72.5
ur3,lite_no_mc,50,0.5,5.0,0,9,25,174.5
ur3,matched_tcn,50,1.0,0.0,0,6,25,6.0
ur3,matched_tcn,50,1.0,0.25,0,6,25,6.0
ur3,matched_tcn,50,1.0,0.5,0,6,25,6.0
ur3,matched_tcn,50,1.0,1.0,0,6,25,6.0
ur3,matched_tcn,50,1.0,2.0,0,6,25,6.0
ur3,matched_tcn,50,1.0,5.0,0,6,25,6.0
ur3,full_mc,50,1.0,0.0,0,9,25,9.0
ur3,full_mc,50,1.0,0.25,0,9,25,17.5
ur3,full_mc,50,1.0,0.5,0,9,25,26.0
ur3,full_mc,50,1.0,1.0,0,9,25,43.0
ur3,full_mc,50,1.0,2.0,0,9,25,77.0
ur3,full_mc,50,1.0,5.0,0,9,25,179.0
ur3,lite_mc,50,1.0,0.0,0,11,25,11.0
ur3,lite_mc,50,1.0,0.25,0,11,25,20.0
ur3,lite_mc,50,1.0,0.5,0,11,25,29.0
ur3,lite_mc,50,1.0,1.0,0,11,25,47.0
ur3,lite_mc,50,1.0,2.0,0,11,25,83.0
ur3,lite_mc,50,1.0,5.0,0,11,25,191.0
ur3,lite_no_attn_mc,50,1.0,0.0,0,6,25,6.0
ur3,lite_no_attn_mc,50,1.0,0.25,0,6,25,6.0
ur3,lite_no_attn_mc,50,1.0,0.5,0,6,25,6.0
ur3,lite_no_attn_mc,50,1.0,1.0,0,6,25,6.0
ur3,lite_no_attn_mc,50,1.0,2.0,0,6,25,6.0
ur3,lite_no_attn_mc,50,1.0,5.0,0,6,25,6.0
ur3,lite_no_mc,50,1.0,0.0,0,9,25,9.0
ur3,lite_no_mc,50,1.0,0.25,0,9,25,17.5
ur3,lite_no_mc,50,1.0,0.5,0,9,25,26.0
ur3,lite_no_mc,50,1.0,1.0,0,9,25,43.0
ur3,lite_no_mc,50,1.0,2.0,0,9,25,77.0
ur3,lite_no_mc,50,1.0,5.0,0,9,25,179.0
ur3,matched_tcn,50,2.0,0.0,0,6,25,12.0
ur3,matched_tcn,50,2.0,0.25,0,6,25,12.0
ur3,matched_tcn,50,2.0,0.5,0,6,25,12.0
ur3,matched_tcn,50,2.0,1.0,0,6,25,12.0
ur3,matched_tcn,50,2.0,2.0,0,6,25,12.0
ur3,matched_tcn,50,2.0,5.0,0,6,25,12.0
ur3,full_mc,50,2.0,0.0,0,9,25,18.0
ur3,full_mc,50,2.0,0.25,0,9,25,26.5
ur3,full_mc,50,2.0,0.5,0,9,25,35.0
ur3,full_mc,50,2.0,1.0,0,9,25,52.0
ur3,full_mc,50,2.0,2.0,0,9,25,86.0
ur3,full_mc,50,2.0,5.0,0,9,25,188.0
ur3,lite_mc,50,2.0,0.0,0,11,25,22.0
ur3,lite_mc,50,2.0,0.25,0,11,25,31.0
ur3,lite_mc,50,2.0,0.5,0,11,25,40.0
ur3,lite_mc,50,2.0,1.0,0,11,25,58.0
ur3,lite_mc,50,2.0,2.0,0,11,25,94.0
ur3,lite_mc,50,2.0,5.0,0,11,25,202.0
ur3,lite_no_attn_mc,50,2.0,0.0,0,6,25,12.0
ur3,lite_no_attn_mc,50,2.0,0.25,0,6,25,12.0
ur3,lite_no_attn_mc,50,2.0,0.5,0,6,25,12.0
ur3,lite_no_attn_mc,50,2.0,1.0,0,6,25,12.0
ur3,lite_no_attn_mc,50,2.0,2.0,0,6,25,12.0
ur3,lite_no_attn_mc,50,2.0,5.0,0,6,25,12.0
ur3,lite_no_mc,50,2.0,0.0,0,9,25,18.0
ur3,lite_no_mc,50,2.0,0.25,0,9,25,26.5
ur3,lite_no_mc,50,2.0,0.5,0,9,25,35.0
ur3,lite_no_mc,50,2.0,1.0,0,9,25,52.0
ur3,lite_no_mc,50,2.0,2.0,0,9,25,86.0
ur3,lite_no_mc,50,2.0,5.0,0,9,25,188.0
ur3,matched_tcn,50,5.0,0.0,0,6,25,30.0
ur3,matched_tcn,50,5.0,0.25,0,6,25,30.0
ur3,matched_tcn,50,5.0,0.5,0,6,25,30.0
ur3,matched_tcn,50,5.0,1.0,0,6,25,30.0
ur3,matched_tcn,50,5.0,2.0,0,6,25,30.0
ur3,matched_tcn,50,5.0,5.0,0,6,25,30.0
ur3,full_mc,50,5.0,0.0,0,9,25,45.0
ur3,full_mc,50,5.0,0.25,0,9,25,53.5
ur3,full_mc,50,5.0,0.5,0,9,25,62.0
ur3,full_mc,50,5.0,1.0,0,9,25,79.0
ur3,full_mc,50,5.0,2.0,0,9,25,113.0
ur3,full_mc,50,5.0,5.0,0,9,25,215.0
ur3,lite_mc,50,5.0,0.0,0,11,25,55.0
ur3,lite_mc,50,5.0,0.25,0,11,25,64.0
ur3,lite_mc,50,5.0,0.5,0,11,25,73.0
ur3,lite_mc,50,5.0,1.0,0,11,25,91.0
ur3,lite_mc,50,5.0,2.0,0,11,25,127.0
ur3,lite_mc,50,5.0,5.0,0,11,25,235.0
ur3,lite_no_attn_mc,50,5.0,0.0,0,6,25,30.0
ur3,lite_no_attn_mc,50,5.0,0.25,0,6,25,30.0
ur3,lite_no_attn_mc,50,5.0,0.5,0,6,25,30.0
ur3,lite_no_attn_mc,50,5.0,1.0,0,6,25,30.0
ur3,lite_no_attn_mc,50,5.0,2.0,0,6,25,30.0
ur3,lite_no_attn_mc,50,5.0,5.0,0,6,25,30.0
ur3,lite_no_mc,50,5.0,0.0,0,9,25,45.0
ur3,lite_no_mc,50,5.0,0.25,0,9,25,53.5
ur3,lite_no_mc,50,5.0,0.5,0,9,25,62.0
ur3,lite_no_mc,50,5.0,1.0,0,9,25,79.0
ur3,lite_no_mc,50,5.0,2.0,0,9,25,113.0
ur3,lite_no_mc,50,5.0,5.0,0,9,25,215.0
ur3,matched_tcn,100,0.5,0.0,0,6,25,3.0
ur3,matched_tcn,100,0.5,0.25,0,6,25,3.0
ur3,matched_tcn,100,0.5,0.5,0,6,25,3.0
ur3,matched_tcn,100,0.5,1.0,0,6,25,3.0
ur3,matched_tcn,100,0.5,2.0,0,6,25,3.0
ur3,matched_tcn,100,0.5,5.0,0,6,25,3.0
ur3,full_mc,100,0.5,0.0,0,9,25,4.5
ur3,full_mc,100,0.5,0.25,0,9,25,13.0
ur3,full_mc,100,0.5,0.5,0,9,25,21.5
ur3,full_mc,100,0.5,1.0,0,9,25,38.5
ur3,full_mc,100,0.5,2.0,0,9,25,72.5
ur3,full_mc,100,0.5,5.0,0,9,25,174.5
ur3,lite_mc,100,0.5,0.0,0,11,25,5.5
ur3,lite_mc,100,0.5,0.25,0,11,25,14.5
ur3,lite_mc,100,0.5,0.5,0,11,25,23.5
ur3,lite_mc,100,0.5,1.0,0,11,25,41.5
ur3,lite_mc,100,0.5,2.0,0,11,25,77.5
ur3,lite_mc,100,0.5,5.0,0,11,25,185.5
ur3,lite_no_attn_mc,100,0.5,0.0,0,6,25,3.0
ur3,lite_no_attn_mc,100,0.5,0.25,0,6,25,3.0
ur3,lite_no_attn_mc,100,0.5,0.5,0,6,25,3.0
ur3,lite_no_attn_mc,100,0.5,1.0,0,6,25,3.0
ur3,lite_no_attn_mc,100,0.5,2.0,0,6,25,3.0
ur3,lite_no_attn_mc,100,0.5,5.0,0,6,25,3.0
ur3,lite_no_mc,100,0.5,0.0,0,9,25,4.5
ur3,lite_no_mc,100,0.5,0.25,0,9,25,13.0
ur3,lite_no_mc,100,0.5,0.5,0,9,25,21.5
ur3,lite_no_mc,100,0.5,1.0,0,9,25,38.5
ur3,lite_no_mc,100,0.5,2.0,0,9,25,72.5
ur3,lite_no_mc,100,0.5,5.0,0,9,25,174.5
ur3,matched_tcn,100,1.0,0.0,0,6,25,6.0
ur3,matched_tcn,100,1.0,0.25,0,6,25,6.0
ur3,matched_tcn,100,1.0,0.5,0,6,25,6.0
ur3,matched_tcn,100,1.0,1.0,0,6,25,6.0
ur3,matched_tcn,100,1.0,2.0,0,6,25,6.0
ur3,matched_tcn,100,1.0,5.0,0,6,25,6.0
ur3,full_mc,100,1.0,0.0,0,9,25,9.0
ur3,full_mc,100,1.0,0.25,0,9,25,17.5
ur3,full_mc,100,1.0,0.5,0,9,25,26.0
ur3,full_mc,100,1.0,1.0,0,9,25,43.0
ur3,full_mc,100,1.0,2.0,0,9,25,77.0
ur3,full_mc,100,1.0,5.0,0,9,25,179.0
ur3,lite_mc,100,1.0,0.0,0,11,25,11.0
ur3,lite_mc,100,1.0,0.25,0,11,25,20.0
ur3,lite_mc,100,1.0,0.5,0,11,25,29.0
ur3,lite_mc,100,1.0,1.0,0,11,25,47.0
ur3,lite_mc,100,1.0,2.0,0,11,25,83.0
ur3,lite_mc,100,1.0,5.0,0,11,25,191.0
ur3,lite_no_attn_mc,100,1.0,0.0,0,6,25,6.0
ur3,lite_no_attn_mc,100,1.0,0.25,0,6,25,6.0
ur3,lite_no_attn_mc,100,1.0,0.5,0,6,25,6.0
ur3,lite_no_attn_mc,100,1.0,1.0,0,6,25,6.0
ur3,lite_no_attn_mc,100,1.0,2.0,0,6,25,6.0
ur3,lite_no_attn_mc,100,1.0,5.0,0,6,25,6.0
ur3,lite_no_mc,100,1.0,0.0,0,9,25,9.0
ur3,lite_no_mc,100,1.0,0.25,0,9,25,17.5
ur3,lite_no_mc,100,1.0,0.5,0,9,25,26.0
ur3,lite_no_mc,100,1.0,1.0,0,9,25,43.0
ur3,lite_no_mc,100,1.0,2.0,0,9,25,77.0
ur3,lite_no_mc,100,1.0,5.0,0,9,25,179.0
ur3,matched_tcn,100,2.0,0.0,0,6,25,12.0
ur3,matched_tcn,100,2.0,0.25,0,6,25,12.0
ur3,matched_tcn,100,2.0,0.5,0,6,25,12.0
ur3,matched_tcn,100,2.0,1.0,0,6,25,12.0
ur3,matched_tcn,100,2.0,2.0,0,6,25,12.0
ur3,matched_tcn,100,2.0,5.0,0,6,25,12.0
ur3,full_mc,100,2.0,0.0,0,9,25,18.0
ur3,full_mc,100,2.0,0.25,0,9,25,26.5
ur3,full_mc,100,2.0,0.5,0,9,25,35.0
ur3,full_mc,100,2.0,1.0,0,9,25,52.0
ur3,full_mc,100,2.0,2.0,0,9,25,86.0
ur3,full_mc,100,2.0,5.0,0,9,25,188.0
ur3,lite_mc,100,2.0,0.0,0,11,25,22.0
ur3,lite_mc,100,2.0,0.25,0,11,25,31.0
ur3,lite_mc,100,2.0,0.5,0,11,25,40.0
ur3,lite_mc,100,2.0,1.0,0,11,25,58.0
ur3,lite_mc,100,2.0,2.0,0,11,25,94.0
ur3,lite_mc,100,2.0,5.0,0,11,25,202.0
ur3,lite_no_attn_mc,100,2.0,0.0,0,6,25,12.0
ur3,lite_no_attn_mc,100,2.0,0.25,0,6,25,12.0
ur3,lite_no_attn_mc,100,2.0,0.5,0,6,25,12.0
ur3,lite_no_attn_mc,100,2.0,1.0,0,6,25,12.0
ur3,lite_no_attn_mc,100,2.0,2.0,0,6,25,12.0
ur3,lite_no_attn_mc,100,2.0,5.0,0,6,25,12.0
ur3,lite_no_mc,100,2.0,0.0,0,9,25,18.0
ur3,lite_no_mc,100,2.0,0.25,0,9,25,26.5
ur3,lite_no_mc,100,2.0,0.5,0,9,25,35.0
ur3,lite_no_mc,100,2.0,1.0,0,9,25,52.0
ur3,lite_no_mc,100,2.0,2.0,0,9,25,86.0
ur3,lite_no_mc,100,2.0,5.0,0,9,25,188.0
ur3,matched_tcn,100,5.0,0.0,0,6,25,30.0
ur3,matched_tcn,100,5.0,0.25,0,6,25,30.0
ur3,matched_tcn,100,5.0,0.5,0,6,25,30.0
ur3,matched_tcn,100,5.0,1.0,0,6,25,30.0
ur3,matched_tcn,100,5.0,2.0,0,6,25,30.0
ur3,matched_tcn,100,5.0,5.0,0,6,25,30.0
ur3,full_mc,100,5.0,0.0,0,9,25,45.0
ur3,full_mc,100,5.0,0.25,0,9,25,53.5
ur3,full_mc,100,5.0,0.5,0,9,25,62.0
ur3,full_mc,100,5.0,1.0,0,9,25,79.0
ur3,full_mc,100,5.0,2.0,0,9,25,113.0
ur3,full_mc,100,5.0,5.0,0,9,25,215.0
ur3,lite_mc,100,5.0,0.0,0,11,25,55.0
ur3,lite_mc,100,5.0,0.25,0,11,25,64.0
ur3,lite_mc,100,5.0,0.5,0,11,25,73.0
ur3,lite_mc,100,5.0,1.0,0,11,25,91.0
ur3,lite_mc,100,5.0,2.0,0,11,25,127.0
ur3,lite_mc,100,5.0,5.0,0,11,25,235.0
ur3,lite_no_attn_mc,100,5.0,0.0,0,6,25,30.0
ur3,lite_no_attn_mc,100,5.0,0.25,0,6,25,30.0
ur3,lite_no_attn_mc,100,5.0,0.5,0,6,25,30.0
ur3,lite_no_attn_mc,100,5.0,1.0,0,6,25,30.0
ur3,lite_no_attn_mc,100,5.0,2.0,0,6,25,30.0
ur3,lite_no_attn_mc,100,5.0,5.0,0,6,25,30.0
ur3,lite_no_mc,100,5.0,0.0,0,9,25,45.0
ur3,lite_no_mc,100,5.0,0.25,0,9,25,53.5
ur3,lite_no_mc,100,5.0,0.5,0,9,25,62.0
ur3,lite_no_mc,100,5.0,1.0,0,9,25,79.0
ur3,lite_no_mc,100,5.0,2.0,0,9,25,113.0
ur3,lite_no_mc,100,5.0,5.0,0,9,25,215.0
ur3,matched_tcn,500,0.5,0.0,0,6,25,3.0
ur3,matched_tcn,500,0.5,0.25,0,6,25,3.0
ur3,matched_tcn,500,0.5,0.5,0,6,25,3.0
ur3,matched_tcn,500,0.5,1.0,0,6,25,3.0
ur3,matched_tcn,500,0.5,2.0,0,6,25,3.0
ur3,matched_tcn,500,0.5,5.0,0,6,25,3.0
ur3,full_mc,500,0.5,0.0,0,9,25,4.5
ur3,full_mc,500,0.5,0.25,0,9,25,13.0
ur3,full_mc,500,0.5,0.5,0,9,25,21.5
ur3,full_mc,500,0.5,1.0,0,9,25,38.5
ur3,full_mc,500,0.5,2.0,0,9,25,72.5
ur3,full_mc,500,0.5,5.0,0,9,25,174.5
ur3,lite_mc,500,0.5,0.0,0,11,25,5.5
ur3,lite_mc,500,0.5,0.25,0,11,25,14.5
ur3,lite_mc,500,0.5,0.5,0,11,25,23.5
ur3,lite_mc,500,0.5,1.0,0,11,25,41.5
ur3,lite_mc,500,0.5,2.0,0,11,25,77.5
ur3,lite_mc,500,0.5,5.0,0,11,25,185.5
ur3,lite_no_attn_mc,500,0.5,0.0,0,6,25,3.0
ur3,lite_no_attn_mc,500,0.5,0.25,0,6,25,3.0
ur3,lite_no_attn_mc,500,0.5,0.5,0,6,25,3.0
ur3,lite_no_attn_mc,500,0.5,1.0,0,6,25,3.0
ur3,lite_no_attn_mc,500,0.5,2.0,0,6,25,3.0
ur3,lite_no_attn_mc,500,0.5,5.0,0,6,25,3.0
ur3,lite_no_mc,500,0.5,0.0,0,9,25,4.5
ur3,lite_no_mc,500,0.5,0.25,0,9,25,13.0
ur3,lite_no_mc,500,0.5,0.5,0,9,25,21.5
ur3,lite_no_mc,500,0.5,1.0,0,9,25,38.5
ur3,lite_no_mc,500,0.5,2.0,0,9,25,72.5
ur3,lite_no_mc,500,0.5,5.0,0,9,25,174.5
ur3,matched_tcn,500,1.0,0.0,0,6,25,6.0
ur3,matched_tcn,500,1.0,0.25,0,6,25,6.0
ur3,matched_tcn,500,1.0,0.5,0,6,25,6.0
ur3,matched_tcn,500,1.0,1.0,0,6,25,6.0
ur3,matched_tcn,500,1.0,2.0,0,6,25,6.0
ur3,matched_tcn,500,1.0,5.0,0,6,25,6.0
ur3,full_mc,500,1.0,0.0,0,9,25,9.0
ur3,full_mc,500,1.0,0.25,0,9,25,17.5
ur3,full_mc,500,1.0,0.5,0,9,25,26.0
ur3,full_mc,500,1.0,1.0,0,9,25,43.0
ur3,full_mc,500,1.0,2.0,0,9,25,77.0
ur3,full_mc,500,1.0,5.0,0,9,25,179.0
ur3,lite_mc,500,1.0,0.0,0,11,25,11.0
ur3,lite_mc,500,1.0,0.25,0,11,25,20.0
ur3,lite_mc,500,1.0,0.5,0,11,25,29.0
ur3,lite_mc,500,1.0,1.0,0,11,25,47.0
ur3,lite_mc,500,1.0,2.0,0,11,25,83.0
ur3,lite_mc,500,1.0,5.0,0,11,25,191.0
ur3,lite_no_attn_mc,500,1.0,0.0,0,6,25,6.0
ur3,lite_no_attn_mc,500,1.0,0.25,0,6,25,6.0
ur3,lite_no_attn_mc,500,1.0,0.5,0,6,25,6.0
ur3,lite_no_attn_mc,500,1.0,1.0,0,6,25,6.0
ur3,lite_no_attn_mc,500,1.0,2.0,0,6,25,6.0
ur3,lite_no_attn_mc,500,1.0,5.0,0,6,25,6.0
ur3,lite_no_mc,500,1.0,0.0,0,9,25,9.0
ur3,lite_no_mc,500,1.0,0.25,0,9,25,17.5
ur3,lite_no_mc,500,1.0,0.5,0,9,25,26.0
ur3,lite_no_mc,500,1.0,1.0,0,9,25,43.0
ur3,lite_no_mc,500,1.0,2.0,0,9,25,77.0
ur3,lite_no_mc,500,1.0,5.0,0,9,25,179.0
ur3,matched_tcn,500,2.0,0.0,0,6,25,12.0
ur3,matched_tcn,500,2.0,0.25,0,6,25,12.0
ur3,matched_tcn,500,2.0,0.5,0,6,25,12.0
ur3,matched_tcn,500,2.0,1.0,0,6,25,12.0
ur3,matched_tcn,500,2.0,2.0,0,6,25,12.0
ur3,matched_tcn,500,2.0,5.0,0,6,25,12.0
ur3,full_mc,500,2.0,0.0,0,9,25,18.0
ur3,full_mc,500,2.0,0.25,0,9,25,26.5
ur3,full_mc,500,2.0,0.5,0,9,25,35.0
ur3,full_mc,500,2.0,1.0,0,9,25,52.0
ur3,full_mc,500,2.0,2.0,0,9,25,86.0
ur3,full_mc,500,2.0,5.0,0,9,25,188.0
ur3,lite_mc,500,2.0,0.0,0,11,25,22.0
ur3,lite_mc,500,2.0,0.25,0,11,25,31.0
ur3,lite_mc,500,2.0,0.5,0,11,25,40.0
ur3,lite_mc,500,2.0,1.0,0,11,25,58.0
ur3,lite_mc,500,2.0,2.0,0,11,25,94.0
ur3,lite_mc,500,2.0,5.0,0,11,25,202.0
ur3,lite_no_attn_mc,500,2.0,0.0,0,6,25,12.0
ur3,lite_no_attn_mc,500,2.0,0.25,0,6,25,12.0
ur3,lite_no_attn_mc,500,2.0,0.5,0,6,25,12.0
ur3,lite_no_attn_mc,500,2.0,1.0,0,6,25,12.0
ur3,lite_no_attn_mc,500,2.0,2.0,0,6,25,12.0
ur3,lite_no_attn_mc,500,2.0,5.0,0,6,25,12.0
ur3,lite_no_mc,500,2.0,0.0,0,9,25,18.0
ur3,lite_no_mc,500,2.0,0.25,0,9,25,26.5
ur3,lite_no_mc,500,2.0,0.5,0,9,25,35.0
ur3,lite_no_mc,500,2.0,1.0,0,9,25,52.0
ur3,lite_no_mc,500,2.0,2.0,0,9,25,86.0
ur3,lite_no_mc,500,2.0,5.0,0,9,25,188.0
ur3,matched_tcn,500,5.0,0.0,0,6,25,30.0
ur3,matched_tcn,500,5.0,0.25,0,6,25,30.0
ur3,matched_tcn,500,5.0,0.5,0,6,25,30.0
ur3,matched_tcn,500,5.0,1.0,0,6,25,30.0
ur3,matched_tcn,500,5.0,2.0,0,6,25,30.0
ur3,matched_tcn,500,5.0,5.0,0,6,25,30.0
ur3,full_mc,500,5.0,0.0,0,9,25,45.0
ur3,full_mc,500,5.0,0.25,0,9,25,53.5
ur3,full_mc,500,5.0,0.5,0,9,25,62.0
ur3,full_mc,500,5.0,1.0,0,9,25,79.0
ur3,full_mc,500,5.0,2.0,0,9,25,113.0
ur3,full_mc,500,5.0,5.0,0,9,25,215.0
ur3,lite_mc,500,5.0,0.0,0,11,25,55.0
ur3,lite_mc,500,5.0,0.25,0,11,25,64.0
ur3,lite_mc,500,5.0,0.5,0,11,25,73.0
ur3,lite_mc,500,5.0,1.0,0,11,25,91.0
ur3,lite_mc,500,5.0,2.0,0,11,25,127.0
ur3,lite_mc,500,5.0,5.0,0,11,25,235.0
ur3,lite_no_attn_mc,500,5.0,0.0,0,6,25,30.0
ur3,lite_no_attn_mc,500,5.0,0.25,0,6,25,30.0
ur3,lite_no_attn_mc,500,5.0,0.5,0,6,25,30.0
ur3,lite_no_attn_mc,500,5.0,1.0,0,6,25,30.0
ur3,lite_no_attn_mc,500,5.0,2.0,0,6,25,30.0
ur3,lite_no_attn_mc,500,5.0,5.0,0,6,25,30.0
ur3,lite_no_mc,500,5.0,0.0,0,9,25,45.0
ur3,lite_no_mc,500,5.0,0.25,0,9,25,53.5
ur3,lite_no_mc,500,5.0,0.5,0,9,25,62.0
ur3,lite_no_mc,500,5.0,1.0,0,9,25,79.0
ur3,lite_no_mc,500,5.0,2.0,0,9,25,113.0
ur3,lite_no_mc,500,5.0,5.0,0,9,25,215.0
ur3,matched_tcn,1000,0.5,0.0,0,6,25,3.0
ur3,matched_tcn,1000,0.5,0.25,0,6,25,3.0
ur3,matched_tcn,1000,0.5,0.5,0,6,25,3.0
ur3,matched_tcn,1000,0.5,1.0,0,6,25,3.0
ur3,matched_tcn,1000,0.5,2.0,0,6,25,3.0
ur3,matched_tcn,1000,0.5,5.0,0,6,25,3.0
ur3,full_mc,1000,0.5,0.0,0,9,25,4.5
ur3,full_mc,1000,0.5,0.25,0,9,25,13.0
ur3,full_mc,1000,0.5,0.5,0,9,25,21.5
ur3,full_mc,1000,0.5,1.0,0,9,25,38.5
ur3,full_mc,1000,0.5,2.0,0,9,25,72.5
ur3,full_mc,1000,0.5,5.0,0,9,25,174.5
ur3,lite_mc,1000,0.5,0.0,0,11,25,5.5
ur3,lite_mc,1000,0.5,0.25,0,11,25,14.5
ur3,lite_mc,1000,0.5,0.5,0,11,25,23.5
ur3,lite_mc,1000,0.5,1.0,0,11,25,41.5
ur3,lite_mc,1000,0.5,2.0,0,11,25,77.5
ur3,lite_mc,1000,0.5,5.0,0,11,25,185.5
ur3,lite_no_attn_mc,1000,0.5,0.0,0,6,25,3.0
ur3,lite_no_attn_mc,1000,0.5,0.25,0,6,25,3.0
ur3,lite_no_attn_mc,1000,0.5,0.5,0,6,25,3.0
ur3,lite_no_attn_mc,1000,0.5,1.0,0,6,25,3.0
ur3,lite_no_attn_mc,1000,0.5,2.0,0,6,25,3.0
ur3,lite_no_attn_mc,1000,0.5,5.0,0,6,25,3.0
ur3,lite_no_mc,1000,0.5,0.0,0,9,25,4.5
ur3,lite_no_mc,1000,0.5,0.25,0,9,25,13.0
ur3,lite_no_mc,1000,0.5,0.5,0,9,25,21.5
ur3,lite_no_mc,1000,0.5,1.0,0,9,25,38.5
ur3,lite_no_mc,1000,0.5,2.0,0,9,25,72.5
ur3,lite_no_mc,1000,0.5,5.0,0,9,25,174.5
ur3,matched_tcn,1000,1.0,0.0,0,6,25,6.0
ur3,matched_tcn,1000,1.0,0.25,0,6,25,6.0
ur3,matched_tcn,1000,1.0,0.5,0,6,25,6.0
ur3,matched_tcn,1000,1.0,1.0,0,6,25,6.0
ur3,matched_tcn,1000,1.0,2.0,0,6,25,6.0
ur3,matched_tcn,1000,1.0,5.0,0,6,25,6.0
ur3,full_mc,1000,1.0,0.0,0,9,25,9.0
ur3,full_mc,1000,1.0,0.25,0,9,25,17.5
ur3,full_mc,1000,1.0,0.5,0,9,25,26.0
ur3,full_mc,1000,1.0,1.0,0,9,25,43.0
ur3,full_mc,1000,1.0,2.0,0,9,25,77.0
ur3,full_mc,1000,1.0,5.0,0,9,25,179.0
ur3,lite_mc,1000,1.0,0.0,0,11,25,11.0
ur3,lite_mc,1000,1.0,0.25,0,11,25,20.0
ur3,lite_mc,1000,1.0,0.5,0,11,25,29.0
ur3,lite_mc,1000,1.0,1.0,0,11,25,47.0
ur3,lite_mc,1000,1.0,2.0,0,11,25,83.0
ur3,lite_mc,1000,1.0,5.0,0,11,25,191.0
ur3,lite_no_attn_mc,1000,1.0,0.0,0,6,25,6.0
ur3,lite_no_attn_mc,1000,1.0,0.25,0,6,25,6.0
ur3,lite_no_attn_mc,1000,1.0,0.5,0,6,25,6.0
ur3,lite_no_attn_mc,1000,1.0,1.0,0,6,25,6.0
ur3,lite_no_attn_mc,1000,1.0,2.0,0,6,25,6.0
ur3,lite_no_attn_mc,1000,1.0,5.0,0,6,25,6.0
ur3,lite_no_mc,1000,1.0,0.0,0,9,25,9.0
ur3,lite_no_mc,1000,1.0,0.25,0,9,25,17.5
ur3,lite_no_mc,1000,1.0,0.5,0,9,25,26.0
ur3,lite_no_mc,1000,1.0,1.0,0,9,25,43.0
ur3,lite_no_mc,1000,1.0,2.0,0,9,25,77.0
ur3,lite_no_mc,1000,1.0,5.0,0,9,25,179.0
ur3,matched_tcn,1000,2.0,0.0,0,6,25,12.0
ur3,matched_tcn,1000,2.0,0.25,0,6,25,12.0
ur3,matched_tcn,1000,2.0,0.5,0,6,25,12.0
ur3,matched_tcn,1000,2.0,1.0,0,6,25,12.0
ur3,matched_tcn,1000,2.0,2.0,0,6,25,12.0
ur3,matched_tcn,1000,2.0,5.0,0,6,25,12.0
ur3,full_mc,1000,2.0,0.0,0,9,25,18.0
ur3,full_mc,1000,2.0,0.25,0,9,25,26.5
ur3,full_mc,1000,2.0,0.5,0,9,25,35.0
ur3,full_mc,1000,2.0,1.0,0,9,25,52.0
ur3,full_mc,1000,2.0,2.0,0,9,25,86.0
ur3,full_mc,1000,2.0,5.0,0,9,25,188.0
ur3,lite_mc,1000,2.0,0.0,0,11,25,22.0
ur3,lite_mc,1000,2.0,0.25,0,11,25,31.0
ur3,lite_mc,1000,2.0,0.5,0,11,25,40.0
ur3,lite_mc,1000,2.0,1.0,0,11,25,58.0
ur3,lite_mc,1000,2.0,2.0,0,11,25,94.0
ur3,lite_mc,1000,2.0,5.0,0,11,25,202.0
ur3,lite_no_attn_mc,1000,2.0,0.0,0,6,25,12.0
ur3,lite_no_attn_mc,1000,2.0,0.25,0,6,25,12.0
ur3,lite_no_attn_mc,1000,2.0,0.5,0,6,25,12.0
ur3,lite_no_attn_mc,1000,2.0,1.0,0,6,25,12.0
ur3,lite_no_attn_mc,1000,2.0,2.0,0,6,25,12.0
ur3,lite_no_attn_mc,1000,2.0,5.0,0,6,25,12.0
ur3,lite_no_mc,1000,2.0,0.0,0,9,25,18.0
ur3,lite_no_mc,1000,2.0,0.25,0,9,25,26.5
ur3,lite_no_mc,1000,2.0,0.5,0,9,25,35.0
ur3,lite_no_mc,1000,2.0,1.0,0,9,25,52.0
ur3,lite_no_mc,1000,2.0,2.0,0,9,25,86.0
ur3,lite_no_mc,1000,2.0,5.0,0,9,25,188.0
ur3,matched_tcn,1000,5.0,0.0,0,6,25,30.0
ur3,matched_tcn,1000,5.0,0.25,0,6,25,30.0
ur3,matched_tcn,1000,5.0,0.5,0,6,25,30.0
ur3,matched_tcn,1000,5.0,1.0,0,6,25,30.0
ur3,matched_tcn,1000,5.0,2.0,0,6,25,30.0
ur3,matched_tcn,1000,5.0,5.0,0,6,25,30.0
ur3,full_mc,1000,5.0,0.0,0,9,25,45.0
ur3,full_mc,1000,5.0,0.25,0,9,25,53.5
ur3,full_mc,1000,5.0,0.5,0,9,25,62.0
ur3,full_mc,1000,5.0,1.0,0,9,25,79.0
ur3,full_mc,1000,5.0,2.0,0,9,25,113.0
ur3,full_mc,1000,5.0,5.0,0,9,25,215.0
ur3,lite_mc,1000,5.0,0.0,0,11,25,55.0
ur3,lite_mc,1000,5.0,0.25,0,11,25,64.0
ur3,lite_mc,1000,5.0,0.5,0,11,25,73.0
ur3,lite_mc,1000,5.0,1.0,0,11,25,91.0
ur3,lite_mc,1000,5.0,2.0,0,11,25,127.0
ur3,lite_mc,1000,5.0,5.0,0,11,25,235.0
ur3,lite_no_attn_mc,1000,5.0,0.0,0,6,25,30.0
ur3,lite_no_attn_mc,1000,5.0,0.25,0,6,25,30.0
ur3,lite_no_attn_mc,1000,5.0,0.5,0,6,25,30.0
ur3,lite_no_attn_mc,1000,5.0,1.0,0,6,25,30.0
ur3,lite_no_attn_mc,1000,5.0,2.0,0,6,25,30.0
ur3,lite_no_attn_mc,1000,5.0,5.0,0,6,25,30.0
ur3,lite_no_mc,1000,5.0,0.0,0,9,25,45.0
ur3,lite_no_mc,1000,5.0,0.25,0,9,25,53.5
ur3,lite_no_mc,1000,5.0,0.5,0,9,25,62.0
ur3,lite_no_mc,1000,5.0,1.0,0,9,25,79.0
ur3,lite_no_mc,1000,5.0,2.0,0,9,25,113.0
ur3,lite_no_mc,1000,5.0,5.0,0,9,25,215.0
