model,family,seed,n,pos,neg,accuracy,precision,recall,f1,f2,auc_roc,auc_pr,brier,ece,threshold,dataset
w/o_attention,proposed/ablation,1,1128,329,799,0.650709219858156,0.4515648286140089,0.9209726443768996,0.606,0.762455963764469,0.8659456539519383,0.8006092157883652,0.187342420605419,0.1978860873273236,0.35,ur3
w/o_attention,proposed/ablation,2,1128,329,799,0.7163120567375887,0.507908611599297,0.878419452887538,0.643652561247216,0.76657824933687,0.8770157225407138,0.8099604250311517,0.1389066273649088,0.1068173547585805,0.12,ur3
w/o_attention,proposed/ablation,3,1128,329,799,0.7783687943262412,0.5938242280285035,0.7598784194528876,0.6666666666666666,0.7196315486470927,0.8557429309433143,0.7746570526413218,0.1893480293220021,0.1823871672047791,0.59,ur3
w/o_attention,proposed/ablation,4,1128,329,799,0.7083333333333334,0.5,0.8875379939209727,0.6396495071193866,0.7684210526315789,0.8752544023494413,0.8085324167949968,0.1355780184507889,0.0815875500486833,0.22,ur3
w/o_attention,proposed/ablation,5,1128,329,799,0.6657801418439716,0.458477508650519,0.8054711246200608,0.5843439911797134,0.6995776135163675,0.8336332269440143,0.7668344438083937,0.1834154610481869,0.16427572719515,0.31,ur3
w/o_attention,proposed/ablation,6,1128,329,799,0.6578014184397163,0.4568835098335855,0.917933130699088,0.6101010101010101,0.7637835103692463,0.8562831198572685,0.7723954275239101,0.2035293558401094,0.229665001088106,0.38,ur3
w/o_attention,proposed/ablation,7,1128,329,799,0.5726950354609929,0.400520156046814,0.9361702127659576,0.5610200364298725,0.7386091127098321,0.8543468088910531,0.7794627431163429,0.2149940176229397,0.2384874025650375,0.25,ur3
w/o_attention,proposed/ablation,8,1128,329,799,0.6861702127659575,0.4803149606299212,0.9270516717325228,0.6327800829875518,0.7816504356740134,0.8914106158534034,0.829110179924387,0.1398241072286061,0.1254873178199144,0.25,ur3
w/o_attention,proposed/ablation,9,1128,329,799,0.6817375886524822,0.4758064516129032,0.8966565349544073,0.6217070600632244,0.7618801652892562,0.8710470154562504,0.803570671945723,0.1764672565675415,0.1767319743323357,0.4,ur3
w/o_attention,proposed/ablation,10,1128,329,799,0.6427304964539007,0.4452662721893491,0.9148936170212766,0.5990049751243781,0.7555220883534136,0.8706513841389882,0.8122904981390147,0.1669093185322777,0.1713268592530953,0.29,ur3
softmax_attention,proposed/ablation,1,1128,329,799,0.6569148936170213,0.4545454545454545,0.8814589665653495,0.5997931747673216,0.7420675537359263,0.8421354961178678,0.7612406037527542,0.179431271548236,0.164253452805974,0.33,ur3
softmax_attention,proposed/ablation,2,1128,329,799,0.7092198581560284,0.5009823182711198,0.7750759878419453,0.6085918854415274,0.6986301369863014,0.8422077749162137,0.7724359561002201,0.1806555025233769,0.1622799833648646,0.36,ur3
softmax_attention,proposed/ablation,3,1128,329,799,0.7021276595744681,0.4937388193202147,0.8389057750759878,0.6216216216216216,0.736,0.8697079556132096,0.8014559437610974,0.1544804715116928,0.1260968757040323,0.35,ur3
softmax_attention,proposed/ablation,4,1128,329,799,0.5478723404255319,0.3798140770252324,0.8693009118541033,0.5286506469500925,0.6911551474142098,0.8214028934344222,0.7613015518156269,0.1772146297269407,0.154859220751079,0.17,ur3
softmax_attention,proposed/ablation,5,1128,329,799,0.6436170212765957,0.440650406504065,0.8237082066869301,0.5741525423728814,0.7017089590885551,0.8318757109000232,0.7740528110297266,0.1977285946937154,0.1826404679751565,0.31,ur3
softmax_attention,proposed/ablation,6,1128,329,799,0.526595744680851,0.3792697290930506,0.9787234042553192,0.5466893039049237,0.74364896073903,0.815373319993457,0.7174789236268614,0.1931870131418798,0.2106608588063548,0.27,ur3
softmax_attention,proposed/ablation,7,1128,329,799,0.4512411347517731,0.3457446808510638,0.9878419452887538,0.512214342001576,0.7203014184397163,0.847145558087427,0.7643852423724438,0.1794981061944295,0.2142391280858969,0.18,ur3
softmax_attention,proposed/ablation,8,1128,329,799,0.6569148936170213,0.455521472392638,0.9027355623100304,0.6055045871559633,0.7545731707317073,0.8627463660883096,0.793018123513508,0.1577302598596148,0.1493713777802937,0.31,ur3
softmax_attention,proposed/ablation,9,1128,329,799,0.6586879432624113,0.4559748427672956,0.8814589665653495,0.6010362694300518,0.742827868852459,0.85478428582841,0.7944712466676999,0.166751864897524,0.1532184343507631,0.33,ur3
softmax_attention,proposed/ablation,10,1128,329,799,0.6968085106382979,0.4876190476190476,0.7781155015197568,0.5995316159250585,0.6952743074416078,0.8371672797684035,0.7485387699915803,0.1759350967572388,0.1427840561546544,0.28,ur3
w/o_mc_dropout,proposed/ablation,1,1128,329,799,0.524822695035461,0.375750300120048,0.9513677811550152,0.5387263339070568,0.7282456956724058,0.8237310315706183,0.7341750562916121,0.2243256299562166,0.2788631857921045,0.39,ur3
w/o_mc_dropout,proposed/ablation,2,1128,329,799,0.4707446808510638,0.3540305010893246,0.9878419452887538,0.5212510024057738,0.7273948075201433,0.8354097637244124,0.7547104424288541,0.1951202542655627,0.2472650227368089,0.32,ur3
w/o_mc_dropout,proposed/ablation,3,1128,329,799,0.4512411347517731,0.3457446808510638,0.9878419452887538,0.512214342001576,0.7203014184397163,0.7966873485473864,0.7131892208142817,0.1800362314969072,0.1736620351909957,0.21,ur3
w/o_mc_dropout,proposed/ablation,4,1128,329,799,0.4547872340425531,0.3465665236051502,0.9817629179331308,0.5122918318794607,0.7184163701067615,0.7985932263353507,0.7096670390375175,0.2012424906362341,0.1948854195363555,0.16,ur3
w/o_mc_dropout,proposed/ablation,5,1128,329,799,0.7225177304964538,0.517467248908297,0.7203647416413373,0.602287166454892,0.6679819616685456,0.8144869536768985,0.74022312981683,0.1983152534168594,0.1714556849700339,0.52,ur3
w/o_mc_dropout,proposed/ablation,6,1128,329,799,0.4734042553191489,0.3532668881506091,0.9696048632218844,0.5178571428571429,0.718792248760703,0.8275808286193608,0.7632679142934313,0.2233845477906106,0.2478531123872133,0.19,ur3
w/o_mc_dropout,proposed/ablation,7,1128,329,799,0.4796099290780142,0.3576158940397351,0.9848024316109424,0.5246963562753036,0.729072907290729,0.834230478067189,0.7379743145324407,0.1999676710769202,0.2263268407249281,0.17,ur3
w/o_mc_dropout,proposed/ablation,8,1128,329,799,0.5434397163120568,0.3834586466165413,0.9300911854103344,0.5430346051464063,0.7237464522232734,0.8496524911458472,0.7935380604699944,0.1904686305868011,0.2107764738644902,0.27,ur3
w/o_mc_dropout,proposed/ablation,9,1128,329,799,0.50177304964539,0.3677639046538025,0.9848024316109424,0.5355371900826447,0.7373691397360036,0.8071373411292992,0.6988562818265499,0.1804829002182866,0.1671630726955461,0.2,ur3
w/o_mc_dropout,proposed/ablation,10,1128,329,799,0.7154255319148937,0.5078431372549019,0.7872340425531915,0.6174016686531585,0.7092004381161008,0.8604714860140525,0.7887235618660252,0.1419901897766158,0.1011580801601951,0.26,ur3
w/o_class_weight,proposed/ablation,1,1128,329,799,0.6205673758865248,0.4270986745213549,0.8814589665653495,0.5753968253968254,0.7268170426065163,0.8366270908544495,0.7652219404937485,0.1356498261821727,0.0808997187360539,0.04,ur3
w/o_class_weight,proposed/ablation,2,1128,329,799,0.7287234042553191,0.5254988913525499,0.7203647416413373,0.6076923076923076,0.6706281833616299,0.8348163167485192,0.7678428484780548,0.1538320270696886,0.1233494235136618,0.33,ur3
w/o_class_weight,proposed/ablation,3,1128,329,799,0.5523049645390071,0.3874680306905371,0.9209726443768996,0.5454545454545454,0.7221163012392755,0.8324691578759162,0.7697441421187978,0.1348429008168177,0.0750200308509276,0.08,ur3
w/o_class_weight,proposed/ablation,4,1128,329,799,0.6391843971631206,0.4392523364485981,0.8571428571428571,0.5808444902162719,0.7201225740551583,0.8454146710744053,0.791893459710341,0.156521763989138,0.1388937921233554,0.06,ur3
w/o_class_weight,proposed/ablation,5,1128,329,799,0.8014184397163121,0.6363636363636364,0.7446808510638298,0.6862745098039216,0.720164609053498,0.852665375792689,0.7934476284795972,0.139620356388388,0.1095745949378461,0.3,ur3
w/o_class_weight,proposed/ablation,6,1128,329,799,0.6108156028368794,0.4186390532544378,0.8601823708206687,0.56318407960199,0.7103413654618473,0.8395068303464437,0.7824246415339529,0.1295571674884502,0.0836418789633094,0.0699999999999999,ur3
w/o_class_weight,proposed/ablation,7,1128,329,799,0.649822695035461,0.446078431372549,0.8297872340425532,0.5802337938363443,0.70798755186722,0.8427441596828864,0.7872457324267549,0.1305401588664352,0.0894857743418121,0.0699999999999999,ur3
w/o_class_weight,proposed/ablation,8,1128,329,799,0.6338652482269503,0.4378698224852071,0.8996960486322189,0.5890547263681593,0.7429718875502008,0.8539245485428213,0.7839221462436008,0.1353559767691603,0.0801803351029859,0.06,ur3
w/o_class_weight,proposed/ablation,9,1128,329,799,0.6329787234042553,0.4375917767988252,0.905775075987842,0.5900990099009901,0.7461191787681523,0.850595919671626,0.793301729180743,0.1242874976336032,0.0762437853139845,0.02,ur3
w/o_class_weight,proposed/ablation,10,1128,329,799,0.6826241134751773,0.4753820033955857,0.851063829787234,0.6100217864923747,0.7349081364829396,0.8528517790094762,0.791293921974141,0.1267526398323752,0.0704292185928223,0.22,ur3
w/_rolling_stats,proposed/ablation,1,1128,329,799,0.7411347517730497,0.5366336633663367,0.8237082066869301,0.6498800959232613,0.7440966501922021,0.857858036831754,0.7276044121988788,0.1790577376926719,0.1452584782985191,0.38,ur3
w/_rolling_stats,proposed/ablation,2,1128,329,799,0.3147163120567376,0.2978142076502732,0.993920972644377,0.4583041345480028,0.6772990886495444,0.7027096941085171,0.5490680488005163,0.2203390897516436,0.1923399766550419,0.25,ur3
w/_rolling_stats,proposed/ablation,3,1128,329,799,0.3377659574468085,0.3043071161048689,0.9878419452887538,0.4652827487473157,0.6816275167785235,0.7481578416789985,0.608953655336373,0.2002190776632571,0.1611557167736773,0.18,ur3
w/_rolling_stats,proposed/ablation,4,1128,329,799,0.3404255319148936,0.303689687795648,0.9756838905775076,0.4632034632034632,0.6763590391908976,0.6777582920900366,0.5307079230899151,0.234025012609026,0.2003095796239291,0.27,ur3
w/_rolling_stats,proposed/ablation,5,1128,329,799,0.6223404255319149,0.4283604135893648,0.8814589665653495,0.5765407554671969,0.7275464124435524,0.809882033392805,0.6813427802401494,0.1950818462401291,0.1385925271753089,0.14,ur3
w/_rolling_stats,proposed/ablation,6,1128,329,799,0.700354609929078,0.4919786096256685,0.8389057750759878,0.6202247191011236,0.7352157698454982,0.8308219621030847,0.6648087443670797,0.1552260678361383,0.0677814511945537,0.19,ur3
w/_rolling_stats,proposed/ablation,7,1128,329,799,0.6764184397163121,0.4625,0.6747720364741642,0.5488257107540173,0.6180400890868597,0.7263030155475498,0.5972207299758788,0.2279662984500697,0.2291464030029291,0.54,ur3
w/_rolling_stats,proposed/ablation,8,1128,329,799,0.4370567375886525,0.3402922755741127,0.9908814589665652,0.5066045066045066,0.7167985927880387,0.821182252892103,0.6680432846390341,0.1695902378900107,0.1025219175581496,0.04,ur3
w/_rolling_stats,proposed/ablation,9,1128,329,799,0.6533687943262412,0.447986577181208,0.8115501519756839,0.5772972972972973,0.6982217573221757,0.8039228366765447,0.6883035123478585,0.1666204008027634,0.0794602557488367,0.25,ur3
w/_rolling_stats,proposed/ablation,10,1128,329,799,0.3457446808510638,0.3057929724596391,0.9787234042553192,0.4659913169319826,0.6796116504854369,0.7211141586557664,0.5914887743346194,0.222869483484537,0.2133544631672243,0.27,ur3
lstm,deep baseline,1,1128,329,799,0.6187943262411347,0.4311050477489768,0.96048632218845,0.5951035781544256,0.7711078574914593,0.8595660989610874,0.7706864352036623,0.2152856172817833,0.2282002375837653,0.23,ur3
lstm,deep baseline,2,1128,329,799,0.7039007092198581,0.4955595026642984,0.8480243161094225,0.625560538116592,0.7424161788185205,0.8632371010876057,0.777421902848964,0.2000581908891625,0.1888676802660767,0.55,ur3
lstm,deep baseline,3,1128,329,799,0.5398936170212766,0.382716049382716,0.9422492401215804,0.5443371378402108,0.729068673565381,0.8309360865215258,0.7343124660611975,0.27480263915474,0.3066649029942903,0.33,ur3
lstm,deep baseline,4,1128,329,799,0.700354609929078,0.4925864909390445,0.9088145896656536,0.6388888888888888,0.7774310972438897,0.8799943698620236,0.8191909652942411,0.1540295595455668,0.1396146307415361,0.21,ur3
lstm,deep baseline,5,1128,329,799,0.7118794326241135,0.5034965034965035,0.8753799392097265,0.6392896781354052,0.7627118644067796,0.8670868981363483,0.7881768676808479,0.1571473464434139,0.1188968244200268,0.27,ur3
lstm,deep baseline,6,1128,329,799,0.6285460992907801,0.4364406779661017,0.939209726443769,0.5959498553519769,0.7633399209486166,0.8649946171315968,0.7988506565945285,0.1621850729014117,0.1578735815070516,0.23,ur3
lstm,deep baseline,7,1128,329,799,0.5842198581560284,0.4061662198391421,0.9209726443768996,0.5637209302325581,0.7347235693501455,0.8214028934344222,0.7106955040415049,0.2005938965382087,0.2021133635087427,0.27,ur3
lstm,deep baseline,8,1128,329,799,0.5407801418439716,0.3831891223733004,0.9422492401215804,0.5448154657293497,0.7294117647058823,0.8401687519734015,0.7714939115659994,0.1816207990925553,0.1528766452671682,0.13,ur3
lstm,deep baseline,9,1128,329,799,0.6223404255319149,0.4317862165963432,0.933130699088146,0.5903846153846154,0.7572767636901825,0.8403817842211577,0.7296240555459431,0.1897755371012766,0.1914365700056366,0.25,ur3
lstm,deep baseline,10,1128,329,799,0.6329787234042553,0.4360902255639097,0.8814589665653495,0.5835010060362174,0.7319535588086825,0.8219126491701252,0.733350464922466,0.1888259735738022,0.2017766031311124,0.3,ur3
bilstm,deep baseline,1,1128,329,799,0.6586879432624113,0.4573170731707317,0.9118541033434652,0.6091370558375635,0.7606490872210954,0.8588509192721905,0.7770706494465143,0.1753565583636415,0.1496800104063664,0.13,ur3
bilstm,deep baseline,2,1128,329,799,0.7012411347517731,0.4932659932659932,0.8905775075987842,0.6348862405200434,0.7670157068062827,0.8772667962612839,0.8042641996372555,0.145261660770152,0.1167845321944683,0.18,ur3
bilstm,deep baseline,3,1128,329,799,0.5904255319148937,0.4085281980742778,0.9027355623100304,0.5625,0.7268722466960352,0.8376884479459508,0.7640815912713499,0.1645575237649882,0.1305787889418978,0.16,ur3
bilstm,deep baseline,4,1128,329,799,0.5957446808510638,0.4156706507304117,0.9513677811550152,0.5785582255083179,0.7564040599323345,0.8315409459392631,0.6647753020064049,0.2073486108446371,0.1808035448028422,0.09,ur3
bilstm,deep baseline,5,1128,329,799,0.5159574468085106,0.372502937720329,0.9635258358662614,0.5372881355932203,0.7314259344716197,0.8423142910400918,0.7635765093656879,0.2037590904148993,0.2052470178984052,0.14,ur3
bilstm,deep baseline,6,1128,329,799,0.4521276595744681,0.3417305585980285,0.9483282674772036,0.5024154589371981,0.6998654104979811,0.7983269360256551,0.6823795932823543,0.233975429728459,0.2468423199780444,0.21,ur3
bilstm,deep baseline,7,1128,329,799,0.50177304964539,0.3662456946039035,0.9696048632218844,0.5316666666666666,0.7293095564700502,0.8408991482514236,0.7680145259199449,0.1889707818811538,0.2209026557624551,0.24,ur3
bilstm,deep baseline,8,1128,329,799,0.6524822695035462,0.4533333333333333,0.9300911854103344,0.6095617529880478,0.7684580612757408,0.8366803489163885,0.7131611573052548,0.2084776783589684,0.216987708312664,0.28,ur3
bilstm,deep baseline,9,1128,329,799,0.5620567375886525,0.3943661971830985,0.9361702127659576,0.554954954954955,0.7343824511206486,0.8282655751300068,0.7350155965914065,0.1946059335074374,0.1950287230788392,0.24,ur3
bilstm,deep baseline,10,1128,329,799,0.7881205673758865,0.6178010471204188,0.7173252279635258,0.6638537271448663,0.6949352179034158,0.8550619885799499,0.7530646340747914,0.1958323720277557,0.1858441096776766,0.7100000000000001,ur3
gru,deep baseline,1,1128,329,799,0.674645390070922,0.468013468013468,0.8449848024316109,0.6023835319609967,0.7277486910994765,0.8534185969543997,0.8010764914517943,0.1856376024339706,0.1864351708233911,0.29,ur3
gru,deep baseline,2,1128,329,799,0.6569148936170213,0.454828660436137,0.8875379939209727,0.6014418125643667,0.745658835546476,0.8347858835702683,0.7459573412907556,0.1785389627945478,0.1679178392580637,0.3,ur3
gru,deep baseline,3,1128,329,799,0.6737588652482269,0.466893039049236,0.8358662613981763,0.599128540305011,0.7217847769028871,0.8502231132380521,0.7782785856128893,0.1619137284493939,0.1296217086995747,0.25,ur3
gru,deep baseline,4,1128,329,799,0.6719858156028369,0.4653130287648054,0.8358662613981763,0.5978260869565217,0.7210277923439958,0.8333897615180068,0.762595165450196,0.1585551750624313,0.1316899749390939,0.18,ur3
gru,deep baseline,5,1128,329,799,0.6063829787234043,0.4204702627939142,0.9240121580547112,0.5779467680608364,0.7454634624816087,0.865192432790228,0.7973562079673234,0.1756951192925763,0.1758474030875409,0.2,ur3
gru,deep baseline,6,1128,329,799,0.6374113475177305,0.4390243902439024,0.8753799392097265,0.584771573604061,0.7302231237322515,0.840933385576956,0.782138432152643,0.1939135039274478,0.188698676827608,0.19,ur3
gru,deep baseline,7,1128,329,799,0.5957446808510638,0.4133697135061391,0.9209726443768996,0.5706214689265536,0.739385065885798,0.8390921782927748,0.7462415358637122,0.1690364960425169,0.1219733300229125,0.11,ur3
gru,deep baseline,8,1128,329,799,0.649822695035461,0.4482758620689655,0.8693009118541033,0.5915201654601862,0.7318321392016377,0.8532283895903314,0.7900569104113957,0.2222186398639556,0.2131206820395293,0.38,ur3
gru,deep baseline,9,1128,329,799,0.4680851063829787,0.3515881708652793,0.9756838905775076,0.5169082125603864,0.7200538358008075,0.7949260283561137,0.6538167276486235,0.2094703777539814,0.2108288800726968,0.22,ur3
gru,deep baseline,10,1128,329,799,0.625886524822695,0.4283513097072419,0.8449848024316109,0.5685071574642127,0.7073791348600509,0.8311186855910313,0.7610243449627915,0.1845147167465914,0.1754840589722895,0.17,ur3
transformer,deep baseline,1,1128,329,799,0.6852836879432624,0.4784053156146179,0.8753799392097265,0.6186895810955961,0.7507820646506778,0.8597791312088439,0.7908155704446086,0.1552299367584555,0.1195590285706525,0.14,ur3
transformer,deep baseline,2,1128,329,799,0.6462765957446809,0.4483775811209439,0.9240121580547112,0.6037735849056604,0.7622868605817452,0.834439706167664,0.7123398205705084,0.1853569230502156,0.1876413559950624,0.34,ur3
transformer,deep baseline,3,1128,329,799,0.2916666666666667,0.2916666666666667,1.0,0.4516129032258064,0.6730769230769231,0.7051025027484964,0.4336654549813275,0.2576707182234495,0.2716523953548349,0.01,ur3
transformer,deep baseline,4,1128,329,799,0.6108156028368794,0.4248633879781421,0.945288753799392,0.586239396795476,0.75927734375,0.8439272494873911,0.7371975402911541,0.2218739436676975,0.2714981917714607,0.45,ur3
transformer,deep baseline,5,1128,329,799,0.5638297872340425,0.3906040268456376,0.8844984802431611,0.5418994413407822,0.7059679767103348,0.7829619851562173,0.6242492225589696,0.3608205373991671,0.3876110259047214,0.59,ur3
transformer,deep baseline,6,1128,329,799,0.6870567375886525,0.4801980198019802,0.8844984802431611,0.6224598930481283,0.7570239334027055,0.8536354333494376,0.7490671732152068,0.1878644752983841,0.2183311021232858,0.45,ur3
transformer,deep baseline,7,1128,329,799,0.7331560283687943,0.528,0.8024316109422492,0.6369119420989143,0.7268722466960352,0.8474841271954685,0.754318170712772,0.2183386250473985,0.2174981516779314,0.63,ur3
transformer,deep baseline,8,1128,329,799,0.6276595744680851,0.4377564979480164,0.972644376899696,0.6037735849056604,0.7816316560820713,0.8631305849637274,0.7608640864582609,0.1962729254170165,0.2440862031917728,0.38,ur3
transformer,deep baseline,9,1128,329,799,0.62322695035461,0.4342465753424657,0.9635258358662614,0.5986779981114259,0.7746823069403714,0.8542479010617374,0.7333585055048594,0.2091297593004639,0.2557725979953159,0.37,ur3
transformer,deep baseline,10,1128,329,799,0.5044326241134752,0.3659673659673659,0.9544072948328268,0.5290648694187026,0.7221711131554738,0.7826728699628335,0.558644873662042,0.2280963901033652,0.2553575406419047,0.36,ur3
tcn,deep baseline,1,1128,329,799,0.599290780141844,0.4149377593360996,0.9118541033434652,0.5703422053231939,0.7356547327121138,0.8320392892331219,0.7114053127287782,0.2476171752481095,0.2955095288839112,0.51,ur3
tcn,deep baseline,2,1128,329,799,0.6693262411347518,0.4638157894736842,0.8571428571428571,0.6019210245464247,0.7328482328482329,0.8454831457254699,0.7774218590110872,0.1887947206471589,0.1789987302973127,0.33,ur3
tcn,deep baseline,3,1128,329,799,0.5062056737588653,0.366822429906542,0.9544072948328268,0.529957805907173,0.7228360957642725,0.8202730616918565,0.6563720675120504,0.2223210045124332,0.2370856164274274,0.42,ur3
tcn,deep baseline,4,1128,329,799,0.4423758865248227,0.340764331210191,0.9756838905775076,0.5051140833988985,0.7108060230292295,0.8076128595394699,0.6877995420193842,0.2215611842761797,0.2390890750928339,0.34,ur3
tcn,deep baseline,5,1128,329,799,0.5390070921985816,0.3831089351285189,0.9513677811550152,0.5462478184991274,0.73370839193624,0.8536848872640952,0.7593100114509199,0.2677136836331761,0.311436014315972,0.3,ur3
tcn,deep baseline,6,1128,329,799,0.5212765957446809,0.3736526946107784,0.9483282674772036,0.5360824742268041,0.7252440725244073,0.8057298066351937,0.6607180021034303,0.2440141568285736,0.2778389989365394,0.44,ur3
tcn,deep baseline,7,1128,329,799,0.4858156028368794,0.3594624860022396,0.9756838905775076,0.5253682487725041,0.726573110004527,0.8268618447831826,0.7111836670743145,0.306726768866526,0.3489669888372804,0.25,ur3
tcn,deep baseline,8,1128,329,799,0.5806737588652482,0.4052631578947368,0.9361702127659576,0.5656565656565656,0.7418111753371869,0.8462782125072755,0.7462598334703262,0.2939017772760697,0.342085046049683,0.5,ur3
tcn,deep baseline,9,1128,329,799,0.5824468085106383,0.406578947368421,0.939209726443769,0.5674931129476584,0.7442196531791907,0.8366651323272631,0.7429975068203967,0.1843222029810181,0.1668254320661649,0.18,ur3
tcn,deep baseline,10,1128,329,799,0.5079787234042553,0.3676814988290398,0.9544072948328268,0.5308537616229924,0.7235023041474654,0.8040559818313926,0.6974345557144,0.2154541673327532,0.2102934601353416,0.39,ur3
patchtst,deep baseline,1,1128,329,799,0.5877659574468085,0.409814323607427,0.939209726443769,0.5706371191135734,0.7463768115942029,0.8136538454222794,0.6089339078803486,0.2713446988833405,0.2981591985778923,0.36,ur3
patchtst,deep baseline,2,1128,329,799,0.6693262411347518,0.4633333333333333,0.8449848024316109,0.5984930032292788,0.7254697286012526,0.825047266529971,0.6961451752884559,0.1876617033544186,0.1640661164972904,0.37,ur3
patchtst,deep baseline,3,1128,329,799,0.5088652482269503,0.3659117997616209,0.933130699088146,0.5256849315068494,0.7122969837587007,0.7424516207569493,0.5470589224440968,0.2471394743696458,0.2525823999077399,0.31,ur3
patchtst,deep baseline,4,1128,329,799,0.4645390070921986,0.345679012345679,0.9361702127659576,0.5049180327868853,0.6977797915722701,0.7080145774923822,0.4528129928674446,0.2725300450427715,0.2795946167200698,0.29,ur3
patchtst,deep baseline,5,1128,329,799,0.4547872340425531,0.3442265795206972,0.96048632218845,0.5068163592622293,0.7072515666965085,0.7661248292888907,0.5873936811265126,0.2467456206162791,0.2545236902879485,0.21,ur3
patchtst,deep baseline,6,1128,329,799,0.5939716312056738,0.4112792297111416,0.9088145896656536,0.5662878787878788,0.7317670093000489,0.7808240543840894,0.6257053946445943,0.1932073408405627,0.1586032771366707,0.27,ur3
patchtst,deep baseline,7,1128,329,799,0.5806737588652482,0.4050131926121372,0.933130699088146,0.5648574057037719,0.740115718418515,0.8151602877457004,0.6340123569562921,0.1902390419464794,0.1606935221497101,0.18,ur3
patchtst,deep baseline,8,1128,329,799,0.5407801418439716,0.3820224719101123,0.9300911854103344,0.5415929203539823,0.7227208313651393,0.7971476503684317,0.628144654559086,0.269267943862652,0.2948268569200069,0.36,ur3
patchtst,deep baseline,9,1128,329,799,0.5664893617021277,0.3958333333333333,0.9240121580547112,0.5542388331814039,0.7293666026871402,0.8194551700263627,0.6917387138103241,0.2143708852661754,0.2014307217104426,0.18,ur3
patchtst,deep baseline,10,1128,329,799,0.4432624113475177,0.3417989417989418,0.9817629179331308,0.5070643642072213,0.7142857142857143,0.7686241540527483,0.5932667308127682,0.2074878209914419,0.1906944496345752,0.21,ur3
timesnet,deep baseline,1,1128,329,799,0.6223404255319149,0.4312056737588652,0.9240121580547112,0.5880077369439072,0.752102919346858,0.8590639515199471,0.7819694113709388,0.1669271600412332,0.1613532820822182,0.24,ur3
timesnet,deep baseline,2,1128,329,799,0.6808510638297872,0.4744645799011532,0.8753799392097265,0.6153846153846154,0.748829953198128,0.8651353705810073,0.7786863267083273,0.1577167161767568,0.1323471784373705,0.32,ur3
timesnet,deep baseline,3,1128,329,799,0.6276595744680851,0.4305343511450382,0.8571428571428571,0.573170731707317,0.715372907153729,0.8456238991748806,0.7788448435084804,0.167525633052661,0.1391342398149113,0.25,ur3
timesnet,deep baseline,4,1128,329,799,0.5062056737588653,0.3683602771362587,0.9696048632218844,0.5338912133891214,0.730980751604033,0.7764226559795487,0.6295278169152816,0.2104176455401042,0.2181422354930892,0.32,ur3
timesnet,deep baseline,5,1128,329,799,0.7304964539007093,0.5239005736137667,0.8328267477203647,0.6431924882629108,0.7449700924415443,0.8749424622723693,0.8131206137060654,0.145104409878469,0.1299766785075478,0.38,ur3
timesnet,deep baseline,6,1128,329,799,0.6799645390070922,0.4739413680781759,0.8844984802431611,0.6171792152704135,0.7538860103626943,0.872062722780375,0.7934019099189351,0.1784554803353434,0.1905781013382506,0.4,ur3
timesnet,deep baseline,7,1128,329,799,0.5824468085106383,0.4098984771573604,0.9817629179331308,0.5783348254252462,0.7675855513307985,0.8776243861057325,0.7980130194188073,0.1669247741193099,0.1843679005788731,0.22,ur3
timesnet,deep baseline,8,1128,329,799,0.7322695035460993,0.5249537892791127,0.8632218844984803,0.6528735632183909,0.7646742057081314,0.879644388312138,0.7898757103498796,0.1504012466665059,0.1211460506120788,0.25,ur3
timesnet,deep baseline,9,1128,329,799,0.5514184397163121,0.3914110429447853,0.9696048632218844,0.5576923076923077,0.7484748944157672,0.8606312601998699,0.7734099120794768,0.2228527021230526,0.2509493598093589,0.22,ur3
timesnet,deep baseline,10,1128,329,799,0.6196808510638298,0.4240121580547112,0.8480243161094225,0.5653495440729484,0.7066869300911854,0.835436392755382,0.7761213612035889,0.1487896068300279,0.1122978237847275,0.22,ur3
w/o_attention,proposed/ablation,1,10196,332,9864,0.9876422126324048,0.779891304347826,0.8644578313253012,0.82,0.8461084905660378,0.9956923191549654,0.8957460222030171,0.0105137065907242,0.0080018149274923,0.61,cmapss_fd001
w/o_attention,proposed/ablation,2,10196,332,9864,0.982738328756375,0.6848341232227488,0.8704819277108434,0.76657824933687,0.8257142857142857,0.9942397326532406,0.8793666565015194,0.0154956465571662,0.0218770975815537,0.7100000000000001,cmapss_fd001
w/o_attention,proposed/ablation,3,10196,332,9864,0.9873479795998432,0.7721179624664879,0.8674698795180723,0.8170212765957446,0.8465608465608465,0.9966828994811362,0.9309606294998168,0.0103048807218434,0.0131413132730884,0.6900000000000001,cmapss_fd001
w/o_attention,proposed/ablation,4,10196,332,9864,0.9841114162416634,0.6855895196506551,0.9457831325301204,0.7949367088607595,0.8790593505039194,0.9971742199943324,0.9283505992850126,0.0096001166917227,0.0096709761675091,0.32,cmapss_fd001
w/o_attention,proposed/ablation,5,10196,332,9864,0.988819144762652,0.8044692737430168,0.8674698795180723,0.8347826086956521,0.8540925266903915,0.9950779394952072,0.9137238929485344,0.0105498078098793,0.0132701532823116,0.72,cmapss_fd001
w/o_attention,proposed/ablation,6,10196,332,9864,0.980580619850922,0.6390041493775933,0.927710843373494,0.7567567567567568,0.850828729281768,0.9947768568190036,0.8734497052631892,0.0133330148582251,0.0113685436959965,0.31,cmapss_fd001
w/o_attention,proposed/ablation,7,10196,332,9864,0.9864652805021578,0.7461928934010152,0.8855421686746988,0.8099173553719008,0.8536585365853658,0.9958165997322624,0.90564036349496,0.0112316339444374,0.0132089006970645,0.61,cmapss_fd001
w/o_attention,proposed/ablation,8,10196,332,9864,0.988328756375049,0.7810026385224275,0.891566265060241,0.8326300984528833,0.8670181605155243,0.9970429161903088,0.920757237072718,0.0086047651089725,0.0088584909673923,0.52,cmapss_fd001
w/o_attention,proposed/ablation,9,10196,332,9864,0.9879364456649666,0.7863013698630137,0.8644578313253012,0.8235294117647058,0.8476077968103958,0.99515091998163,0.911975671157957,0.0094273398651707,0.0094339726728424,0.63,cmapss_fd001
w/o_attention,proposed/ablation,10,10196,332,9864,0.9880345233424872,0.7949438202247191,0.8524096385542169,0.8226744186046512,0.8402612826603325,0.9960648555291728,0.9103509102661717,0.0099262676628862,0.0130575912627882,0.67,cmapss_fd001
softmax_attention,proposed/ablation,1,10196,332,9864,0.983719105531581,0.7044334975369458,0.8614457831325302,0.7750677506775068,0.8246828143021915,0.993664133419322,0.8594294098007175,0.0122252299898235,0.0100753472988424,0.55,cmapss_fd001
softmax_attention,proposed/ablation,2,10196,332,9864,0.9831306394664574,0.698019801980198,0.8493975903614458,0.7663043478260869,0.8140877598152425,0.9946950209597514,0.8939028115758763,0.0116763913009035,0.0122352644192619,0.51,cmapss_fd001
softmax_attention,proposed/ablation,3,10196,332,9864,0.9821498626912516,0.6549586776859504,0.9548192771084336,0.7769607843137255,0.8747240618101545,0.9951063377597984,0.8925145933260096,0.0111796665595364,0.0128358699488769,0.31,cmapss_fd001
softmax_attention,proposed/ablation,4,10196,332,9864,0.9840133385641427,0.7016706443914081,0.8855421686746988,0.7829560585885486,0.8414424728105323,0.9946675387682116,0.8967434941213983,0.0131616411982044,0.0125023010516823,0.63,cmapss_fd001
softmax_attention,proposed/ablation,5,10196,332,9864,0.9831306394664574,0.6687763713080169,0.9548192771084336,0.7866004962779156,0.8795782463928968,0.9959115659719168,0.9147684314760796,0.0101622484587333,0.011573864242428,0.29,cmapss_fd001
softmax_attention,proposed/ablation,6,10196,332,9864,0.9854845037269516,0.7473118279569892,0.8373493975903614,0.7897727272727273,0.8176470588235294,0.9940910234612416,0.8667046797632706,0.0117459401671361,0.0080575919794819,0.64,cmapss_fd001
softmax_attention,proposed/ablation,7,10196,332,9864,0.9824440957238132,0.672686230248307,0.8975903614457831,0.7690322580645161,0.8413325804630153,0.9927740157711136,0.8564495190837828,0.0140948432966125,0.0142724850970552,0.5800000000000001,cmapss_fd001
softmax_attention,proposed/ablation,8,10196,332,9864,0.9850921930168692,0.7272727272727273,0.8674698795180723,0.7912087912087912,0.8352668213457076,0.9953246685036984,0.890929857112846,0.0124760811375906,0.0137292561194358,0.72,cmapss_fd001
softmax_attention,proposed/ablation,9,10196,332,9864,0.9792075323656336,0.6162790697674418,0.9578313253012049,0.75,0.8622559652928417,0.9953600899950166,0.8977074704641519,0.0128076157637467,0.0147341361720629,0.31,cmapss_fd001
softmax_attention,proposed/ablation,10,10196,332,9864,0.9876422126324048,0.7682291666666666,0.8885542168674698,0.8240223463687151,0.8615654205607477,0.9961879146757344,0.9081215437927708,0.0096749136908959,0.0099497076912507,0.5800000000000001,cmapss_fd001
w/o_mc_dropout,proposed/ablation,1,10196,332,9864,0.9798940761082776,0.6288032454361054,0.933734939759036,0.7515151515151515,0.8511806699615596,0.9939505589267046,0.8469841599019501,0.0136234120998332,0.0134577730905959,0.37,cmapss_fd001
w/o_mc_dropout,proposed/ablation,2,10196,332,9864,0.9798940761082776,0.6426966292134831,0.8614457831325302,0.7361647361647362,0.8065425831923294,0.9890813253012049,0.8395488455339537,0.0163272653609835,0.0195011093201559,0.65,cmapss_fd001
w/o_mc_dropout,proposed/ablation,3,10196,332,9864,0.9780306002353863,0.60546875,0.933734939759036,0.7345971563981043,0.842391304347826,0.9937710086086438,0.8459339810687169,0.0156895760155991,0.0147468547243405,0.4,cmapss_fd001
w/o_mc_dropout,proposed/ablation,4,10196,332,9864,0.9755786582973716,0.5737122557726465,0.9728915662650602,0.7217877094972067,0.8540454785827605,0.9943838614799833,0.8810770677924877,0.013722042687479,0.0150983036112474,0.28,cmapss_fd001
w/o_mc_dropout,proposed/ablation,5,10196,332,9864,0.9783248332679482,0.6037383177570094,0.9728915662650602,0.7450980392156863,0.8668813741277509,0.9956446833562962,0.8643400454880833,0.0120917945439901,0.0170223692866102,0.31,cmapss_fd001
w/o_mc_dropout,proposed/ablation,6,10196,332,9864,0.9794036877206748,0.6200787401574803,0.9487951807228916,0.75,0.8578431372549019,0.9933740436197344,0.8502770354552365,0.0150699142075908,0.0171642590945505,0.47,cmapss_fd001
w/o_mc_dropout,proposed/ablation,7,10196,332,9864,0.979599843075716,0.6291666666666667,0.9096385542168676,0.7438423645320197,0.8351769911504425,0.9872555917099052,0.8421427413992081,0.0118849507313986,0.0118952175413604,0.32,cmapss_fd001
w/o_mc_dropout,proposed/ablation,8,10196,332,9864,0.9819537073362102,0.6554621848739496,0.9397590361445785,0.7722772277227723,0.8647450110864745,0.9942751541445588,0.8686232155150616,0.0121762155337943,0.0111501204599052,0.39,cmapss_fd001
w/o_mc_dropout,proposed/ablation,9,10196,332,9864,0.9817575519811692,0.658695652173913,0.9126506024096386,0.7651515151515151,0.8473154362416108,0.9927688246904894,0.8791244443694424,0.0115082385675714,0.0091861335692794,0.21,cmapss_fd001
w/o_mc_dropout,proposed/ablation,10,10196,332,9864,0.9798940761082776,0.6204933586337761,0.9849397590361446,0.7613504074505238,0.8814016172506739,0.9959164516948572,0.8795278974065159,0.011449159711503,0.0103449416487971,0.16,cmapss_fd001
w/o_class_weight,proposed/ablation,1,10196,332,9864,0.9768536681051392,0.5948616600790514,0.9066265060240964,0.7183770883054893,0.8206106870229007,0.9744595779712524,0.8573850218836063,0.0099146006697772,0.0024854378331662,0.0999999999999999,cmapss_fd001
w/o_class_weight,proposed/ablation,2,10196,332,9864,0.9865633581796784,0.7700831024930748,0.8373493975903614,0.8023088023088023,0.8229721728833629,0.994194539716042,0.8926392133242781,0.0091502190037757,0.0020836472728502,0.37,cmapss_fd001
w/o_class_weight,proposed/ablation,3,10196,332,9864,0.9773440564927424,0.5984405458089669,0.9246987951807228,0.7266272189349112,0.8337859858772406,0.993585045779224,0.8777751092842622,0.0113912526557542,0.0073595013688769,0.0699999999999999,cmapss_fd001
w/o_class_weight,proposed/ablation,4,10196,332,9864,0.9877402903099256,0.7581047381546134,0.9156626506024096,0.8294679399727148,0.8791208791208791,0.9948342640635536,0.9110725509752656,0.0093293696261044,0.0063840246691488,0.11,cmapss_fd001
w/o_class_weight,proposed/ablation,5,10196,332,9864,0.9810710082385248,0.6444906444906445,0.933734939759036,0.7626076260762608,0.8568269762299613,0.9914301366048134,0.8918676255487388,0.0089725860603447,0.0026717962738343,0.13,cmapss_fd001
w/o_class_weight,proposed/ablation,6,10196,332,9864,0.9831306394664574,0.6731601731601732,0.9367469879518072,0.783375314861461,0.8687150837988827,0.9942281290612572,0.8880103584506108,0.0097391797849357,0.0045974987992712,0.0999999999999999,cmapss_fd001
w/o_class_weight,proposed/ablation,7,10196,332,9864,0.9847979599843076,0.7240506329113924,0.8614457831325302,0.7867950481430537,0.8299477655252466,0.9936516137542872,0.8678858644499643,0.01072041470942,0.0047785414078829,0.27,cmapss_fd001
w/o_class_weight,proposed/ablation,8,10196,332,9864,0.9838171832091016,0.6983372921615202,0.8855421686746988,0.7808764940239044,0.8404802744425386,0.9913275364230644,0.8874781116570238,0.0093377459476232,0.0028747302593671,0.19,cmapss_fd001
w/o_class_weight,proposed/ablation,9,10196,332,9864,0.981267163593566,0.6477987421383647,0.9307228915662652,0.7639060568603214,0.8559556786703602,0.9881264718240358,0.8895524214936679,0.0089507750091783,0.0036219334639586,0.16,cmapss_fd001
w/o_class_weight,proposed/ablation,10,10196,332,9864,0.9848960376618282,0.7270408163265306,0.858433734939759,0.787292817679558,0.8284883720930233,0.9950229751121272,0.8953582974488782,0.0093359788978972,0.0036907919514538,0.22,cmapss_fd001
w/_rolling_stats,proposed/ablation,1,10196,332,9864,0.9678305217732444,0.5041666666666667,0.7289156626506024,0.5960591133004927,0.6692477876106194,0.9630978292732976,0.6626817541598706,0.0227030967725633,0.030350092921235,0.5,cmapss_fd001
w/_rolling_stats,proposed/ablation,2,10196,332,9864,0.9626324048646528,0.4543761638733706,0.7349397590361446,0.5615650172612198,0.6541554959785523,0.9518881487018634,0.6380032144531045,0.0246551304319995,0.0328866335763948,0.35,cmapss_fd001
w/_rolling_stats,proposed/ablation,3,10196,332,9864,0.9649862691251472,0.4757281553398058,0.7379518072289156,0.5785123966942148,0.6646771568095496,0.9521287705566792,0.6113774339593755,0.0219714667904786,0.0273819037699591,0.33,cmapss_fd001
w/_rolling_stats,proposed/ablation,4,10196,332,9864,0.9556688897606904,0.4085365853658536,0.8072289156626506,0.5425101214574899,0.6754032258064516,0.968670607002218,0.6646444529217971,0.0254897960002406,0.055226408435845,0.29,cmapss_fd001
w/_rolling_stats,proposed/ablation,5,10196,332,9864,0.9721459395841506,0.5555555555555556,0.7228915662650602,0.6282722513089005,0.6818181818181818,0.9605196943491728,0.6559796364230822,0.0288568723339078,0.0554775019056098,0.72,cmapss_fd001
w/_rolling_stats,proposed/ablation,6,10196,332,9864,0.9742055708120833,0.5807962529274004,0.7469879518072289,0.6534914361001317,0.7065527065527065,0.9544278085578324,0.6724214112653268,0.0234280349343429,0.0713432957277596,0.51,cmapss_fd001
w/_rolling_stats,proposed/ablation,7,10196,332,9864,0.9733228717143978,0.5802139037433155,0.6536144578313253,0.6147308781869688,0.6374853113983548,0.9626443731128894,0.6057345900684732,0.0259614275112455,0.0360533477275944,0.75,cmapss_fd001
w/_rolling_stats,proposed/ablation,8,10196,332,9864,0.9609650843468028,0.4434931506849315,0.7801204819277109,0.5655021834061136,0.6773012552301255,0.9462527726477687,0.6021509426771193,0.0219323606440436,0.0379658951356469,0.16,cmapss_fd001
w/_rolling_stats,proposed/ablation,9,10196,332,9864,0.9717536288740682,0.5468085106382978,0.7740963855421686,0.6408977556109726,0.7146829810901001,0.95754551050919,0.6659186407567119,0.0293246590634369,0.059199761843368,0.7100000000000001,cmapss_fd001
w/_rolling_stats,proposed/ablation,10,10196,332,9864,0.9683209101608474,0.5092783505154639,0.7439759036144579,0.6046511627906976,0.6811913954771097,0.9619731969239488,0.5978899475807358,0.0252619638829056,0.0198215749865125,0.46,cmapss_fd001
lstm,deep baseline,1,10196,332,9864,0.9846018046292664,0.6865671641791045,0.9698795180722892,0.8039950062421972,0.895937673900946,0.9970108536335122,0.9201263237791656,0.0088991137464549,0.0065236364750078,0.18,cmapss_fd001
lstm,deep baseline,2,10196,332,9864,0.9831306394664574,0.6731601731601732,0.9367469879518072,0.783375314861461,0.8687150837988827,0.9960724894712673,0.9001985814401312,0.013170807488348,0.0146244773091235,0.54,cmapss_fd001
lstm,deep baseline,3,10196,332,9864,0.983228717143978,0.6939759036144578,0.8674698795180723,0.7710843373493976,0.8261617900172117,0.9951951968457772,0.8795439495161814,0.0144806525477825,0.0166529197808594,0.67,cmapss_fd001
lstm,deep baseline,4,10196,332,9864,0.9829344841114164,0.6763392857142857,0.9126506024096386,0.7769230769230769,0.8530405405405406,0.9949212910034296,0.8982620231071622,0.0128834537754557,0.0124704404641134,0.51,cmapss_fd001
lstm,deep baseline,5,10196,332,9864,0.9874460572773636,0.8248407643312102,0.7801204819277109,0.8018575851393189,0.7886723507917174,0.9949502999833886,0.8973643026552156,0.0104827845307828,0.0180441340560911,0.7100000000000001,cmapss_fd001
lstm,deep baseline,6,10196,332,9864,0.985876814437034,0.735,0.8855421686746988,0.8032786885245902,0.8506944444444444,0.9965201438356832,0.9176872918539676,0.0110102584448272,0.0102151039923497,0.55,cmapss_fd001
lstm,deep baseline,7,10196,332,9864,0.98685759121224,0.8132911392405063,0.7740963855421686,0.7932098765432098,0.7816301703163017,0.9958068282863816,0.8960015503164701,0.0098898396207744,0.0081491378591684,0.7000000000000001,cmapss_fd001
lstm,deep baseline,8,10196,332,9864,0.9873479795998432,0.7706666666666667,0.8704819277108434,0.8175388967468176,0.8485026423957722,0.9956104832957132,0.899269726101589,0.0094540881397352,0.0059388267913893,0.46,cmapss_fd001
lstm,deep baseline,9,10196,332,9864,0.987838367987446,0.7921348314606742,0.8493975903614458,0.8197674418604651,0.83729216152019,0.9968178675773652,0.9161699175789207,0.0100152599427064,0.0101689246873451,0.73,cmapss_fd001
lstm,deep baseline,10,10196,332,9864,0.983228717143978,0.6842105263157895,0.9006024096385542,0.7776332899869961,0.8470254957507082,0.995983630385288,0.8926121986422281,0.0116870515374341,0.011141609676569,0.4,cmapss_fd001
bilstm,deep baseline,1,10196,332,9864,0.9850921930168692,0.7459016393442623,0.822289156626506,0.7822349570200573,0.8057851239669421,0.99490999276913,0.8756450685911278,0.011783101852444,0.0075869656611914,0.5800000000000001,cmapss_fd001
bilstm,deep baseline,2,10196,332,9864,0.981267163593566,0.6577181208053692,0.8855421686746988,0.754813863928113,0.828169014084507,0.9951878682613664,0.8912169634283064,0.0129635948593795,0.0109070238133038,0.35,cmapss_fd001
bilstm,deep baseline,3,10196,332,9864,0.9788152216555512,0.6174089068825911,0.9186746987951808,0.738498789346247,0.8369923161361141,0.9949390017490888,0.8633793787628314,0.0145198953550223,0.0163355731447928,0.46,cmapss_fd001
bilstm,deep baseline,4,10196,332,9864,0.9870537465672812,0.7824858757062146,0.8343373493975904,0.8075801749271136,0.8234244946492271,0.996143637811587,0.9106173868104084,0.0106311690358662,0.0096668366795793,0.78,cmapss_fd001
bilstm,deep baseline,5,10196,332,9864,0.9872499019223224,0.7512437810945274,0.9096385542168676,0.8228882833787466,0.8728323699421965,0.9951484771201596,0.9034657628440512,0.0107679872251346,0.0132617997104231,0.6,cmapss_fd001
bilstm,deep baseline,6,10196,332,9864,0.9826402510788544,0.6789838337182448,0.8855421686746988,0.7686274509803922,0.8347529812606473,0.9953124541963472,0.8963845467888629,0.0129031788869108,0.011233888619655,0.52,cmapss_fd001
bilstm,deep baseline,7,10196,332,9864,0.9838171832091016,0.7051597051597052,0.8644578313253012,0.7767253044654939,0.8270893371757925,0.994956407137064,0.8864501772514725,0.0124567102424343,0.0097001891199294,0.59,cmapss_fd001
bilstm,deep baseline,8,10196,332,9864,0.986171047469596,0.7126948775055679,0.963855421686747,0.8194622279129321,0.9003939223410242,0.9964416669109528,0.9002198294905105,0.0105204499052893,0.0131851635356687,0.51,cmapss_fd001
bilstm,deep baseline,9,10196,332,9864,0.9852883483719106,0.7106481481481481,0.9246987951807228,0.8036649214659686,0.8721590909090909,0.9964804473367924,0.908570984053084,0.0116070485055769,0.0127984835553566,0.5700000000000001,cmapss_fd001
bilstm,deep baseline,10,10196,332,9864,0.9874460572773636,0.748780487804878,0.9246987951807228,0.8274932614555256,0.883199079401611,0.9968371051114434,0.9181539186556922,0.0106800789481056,0.0106962605755234,0.64,cmapss_fd001
gru,deep baseline,1,10196,332,9864,0.984699882306787,0.7018348623853211,0.9216867469879518,0.796875,0.8673469387755102,0.9949069391922922,0.910449797574805,0.0112435883876408,0.0105657033913097,0.49,cmapss_fd001
gru,deep baseline,2,10196,332,9864,0.9865633581796784,0.7395577395577395,0.9066265060240964,0.8146143437077131,0.8674351585014409,0.9970569626437624,0.9273594842105428,0.0106285706258524,0.0102088603191602,0.61,cmapss_fd001
gru,deep baseline,3,10196,332,9864,0.9865633581796784,0.7468354430379747,0.8885542168674698,0.811554332874828,0.8560650029019152,0.9964343383265422,0.917626612278081,0.0099690255807049,0.0083546683298849,0.5800000000000001,cmapss_fd001
gru,deep baseline,4,10196,332,9864,0.9872499019223224,0.7439613526570048,0.927710843373494,0.8257372654155496,0.8840413318025259,0.9972594147881062,0.931234066459394,0.0106792378871563,0.0189646759396364,0.66,cmapss_fd001
gru,deep baseline,5,10196,332,9864,0.982738328756375,0.6756756756756757,0.9036144578313252,0.7731958762886598,0.8465011286681715,0.9935297760384604,0.896008334580304,0.0097449002003511,0.0091792510311996,0.25,cmapss_fd001
gru,deep baseline,6,10196,332,9864,0.9870537465672812,0.7475247524752475,0.9096385542168676,0.8206521739130435,0.871824480369515,0.9969131391747038,0.9207605216447804,0.0109408935469957,0.0116612380053541,0.68,cmapss_fd001
gru,deep baseline,7,10196,332,9864,0.9828364064338956,0.6680942184154176,0.9397590361445785,0.7809762202753442,0.8690807799442897,0.9958959927300444,0.908383304244475,0.0105777467002355,0.0090267084150824,0.31,cmapss_fd001
gru,deep baseline,8,10196,332,9864,0.9817575519811692,0.6514522821576764,0.9457831325301204,0.7714987714987716,0.8674033149171271,0.996333264933212,0.9196190884780449,0.0094772114132658,0.0090435841586623,0.21,cmapss_fd001
gru,deep baseline,9,10196,332,9864,0.9880345233424872,0.7638190954773869,0.9156626506024096,0.8328767123287671,0.880648899188876,0.9968633658722482,0.9207837054373212,0.0099717700365083,0.0095541367549407,0.64,cmapss_fd001
gru,deep baseline,10,10196,332,9864,0.9887210670851314,0.7924528301886793,0.8855421686746988,0.8364153627311522,0.8652148322542672,0.9966114457831324,0.9279310221879328,0.0094891763560414,0.007520637023702,0.6900000000000001,cmapss_fd001
transformer,deep baseline,1,10196,332,9864,0.982738328756375,0.6666666666666666,0.9397590361445785,0.78,0.8685968819599109,0.9956868227166574,0.8951345860363509,0.0107399324512192,0.0106173096860953,0.39,cmapss_fd001
transformer,deep baseline,2,10196,332,9864,0.9829344841114164,0.7270114942528736,0.7620481927710844,0.7441176470588236,0.7547732696897375,0.9931071610041138,0.84005592036059,0.0129813845721151,0.0094903937634619,0.52,cmapss_fd001
transformer,deep baseline,3,10196,332,9864,0.984699882306787,0.7135922330097088,0.8855421686746988,0.7903225806451613,0.8448275862068966,0.9942861470211748,0.8593206655738682,0.013103164444436,0.0120578453391257,0.5800000000000001,cmapss_fd001
transformer,deep baseline,4,10196,332,9864,0.9840133385641427,0.6873614190687362,0.933734939759036,0.7918263090676884,0.8712759977515458,0.9967222906223434,0.9174995345511,0.0109698331207785,0.0121083402660558,0.42,cmapss_fd001
transformer,deep baseline,5,10196,332,9864,0.9867595135347196,0.7233560090702947,0.960843373493976,0.8253557567917206,0.9016393442622952,0.9969855089457588,0.9121674248133445,0.0093908551047137,0.0130693057253109,0.42,cmapss_fd001
transformer,deep baseline,6,10196,332,9864,0.9840133385641427,0.6825053995680346,0.9518072289156626,0.7949685534591195,0.8821887213847013,0.9965204491933672,0.9060050357439858,0.0125216936599197,0.0164260775767096,0.49,cmapss_fd001
transformer,deep baseline,7,10196,332,9864,0.9867595135347196,0.7373493975903614,0.9216867469879518,0.8192771084337349,0.8777969018932874,0.9966267136673214,0.8972289572448409,0.0094830087069844,0.0076901882482196,0.47,cmapss_fd001
transformer,deep baseline,8,10196,332,9864,0.9829344841114164,0.6639004149377593,0.963855421686747,0.7862407862407862,0.8839779005524862,0.9967742014285854,0.916301649935477,0.0110415601106546,0.0125659250568601,0.38,cmapss_fd001
transformer,deep baseline,9,10196,332,9864,0.984699882306787,0.6856540084388185,0.9789156626506024,0.8064516129032258,0.9017758046614872,0.9973149898865534,0.9201572116004998,0.0112141936194117,0.0150178103096105,0.45,cmapss_fd001
transformer,deep baseline,10,10196,332,9864,0.98519027069439,0.7024608501118568,0.9457831325301204,0.8061617458279846,0.8845070422535212,0.9967311459951728,0.9141643909969756,0.0101042428595009,0.0106848605063357,0.38,cmapss_fd001
tcn,deep baseline,1,10196,332,9864,0.9820517850137308,0.6689342403628118,0.8885542168674698,0.7632600258732212,0.8338044092707745,0.9926686673702108,0.8732583507412739,0.0119429740229459,0.0088592225174725,0.3,cmapss_fd001
tcn,deep baseline,2,10196,332,9864,0.9859748921145548,0.7162471395881007,0.9427710843373494,0.8140442132639792,0.886685552407932,0.9969604696156892,0.9193019810071285,0.0103156885642966,0.0100574536254145,0.47,cmapss_fd001
tcn,deep baseline,3,10196,332,9864,0.9882306786975285,0.7804232804232805,0.8885542168674698,0.8309859154929577,0.8645955451348183,0.9970731466010024,0.9280604529948144,0.0094576564642769,0.0100656596789208,0.6,cmapss_fd001
tcn,deep baseline,4,10196,332,9864,0.989799921537858,0.8114754098360656,0.8945783132530121,0.8510028653295129,0.8766233766233766,0.9974084293377892,0.9329258688700404,0.0114440479032106,0.0176580065863445,0.75,cmapss_fd001
tcn,deep baseline,5,10196,332,9864,0.9860729697920754,0.7339901477832512,0.8975903614457831,0.8075880758807588,0.8592848904267589,0.9953072631157232,0.9011828725994704,0.0097784929036954,0.0077846694191721,0.47,cmapss_fd001
tcn,deep baseline,6,10196,332,9864,0.982738328756375,0.6718061674008811,0.9186746987951808,0.7760814249363868,0.8557800224466892,0.9962361611897714,0.9195716152358108,0.0120906598358176,0.0139869260874126,0.52,cmapss_fd001
tcn,deep baseline,7,10196,332,9864,0.983228717143978,0.6687631027253669,0.960843373493976,0.788627935723115,0.8836565096952909,0.996647783347502,0.919151444166388,0.0113886084906487,0.0131868554813832,0.42,cmapss_fd001
tcn,deep baseline,8,10196,332,9864,0.9860729697920754,0.7188940092165899,0.9397590361445785,0.814621409921671,0.8853575482406356,0.9968184782927328,0.9258540523081664,0.011581728571759,0.0135698974922737,0.61,cmapss_fd001
tcn,deep baseline,9,10196,332,9864,0.984699882306787,0.6929824561403509,0.9518072289156626,0.8020304568527918,0.8856502242152466,0.9970994073618074,0.9258691350766026,0.0110657267024163,0.0133840236747406,0.52,cmapss_fd001
tcn,deep baseline,10,10196,332,9864,0.985680659081993,0.7193396226415094,0.9186746987951808,0.8068783068783069,0.8704337899543378,0.9971220038304068,0.9356095168818004,0.0073374027234672,0.0045582294309423,0.32,cmapss_fd001
patchtst,deep baseline,1,10196,332,9864,0.9849941153393488,0.72544080604534,0.8674698795180723,0.7901234567901234,0.8347826086956521,0.994150568209578,0.8972281724304382,0.0121508785415742,0.0112505930752382,0.5800000000000001,cmapss_fd001
patchtst,deep baseline,2,10196,332,9864,0.984699882306787,0.7156862745098039,0.8795180722891566,0.7891891891891892,0.8410138248847926,0.9944663080546028,0.8810321474277,0.0116802680288157,0.0107054505415922,0.51,cmapss_fd001
patchtst,deep baseline,3,10196,332,9864,0.9844056492742252,0.6988505747126437,0.9156626506024096,0.7926988265971316,0.8621667612024957,0.9923465150138266,0.8985725142140639,0.0118012182680642,0.0140971892615455,0.53,cmapss_fd001
patchtst,deep baseline,4,10196,332,9864,0.9808748528834836,0.6418219461697723,0.933734939759036,0.7607361963190185,0.8558807288790723,0.9955811689580706,0.900735882874704,0.0120505637569585,0.0128100632951861,0.37,cmapss_fd001
patchtst,deep baseline,5,10196,332,9864,0.9847979599843076,0.711217183770883,0.8975903614457831,0.7936085219707057,0.8528906697195192,0.9951240485054572,0.9136141150525438,0.0120159259522478,0.0137260854394261,0.5700000000000001,cmapss_fd001
patchtst,deep baseline,6,10196,332,9864,0.9836210278540604,0.7088607594936709,0.8433734939759037,0.7702888583218707,0.812536273940801,0.9931077717194814,0.8841962148473365,0.0135200421745797,0.0116840369349784,0.63,cmapss_fd001
patchtst,deep baseline,7,10196,332,9864,0.9790113770105924,0.615234375,0.9487951807228916,0.7464454976303317,0.8559782608695652,0.9945136384955884,0.9006795910785069,0.0121766478052896,0.0135867594988456,0.32,cmapss_fd001
patchtst,deep baseline,8,10196,332,9864,0.9816594743036484,0.6636568848758465,0.8855421686746988,0.7587096774193548,0.8300395256916996,0.9944821866541592,0.8855005554460409,0.0130869007196026,0.0126953737406248,0.47,cmapss_fd001
patchtst,deep baseline,9,10196,332,9864,0.9818556296586896,0.6622516556291391,0.9036144578313252,0.7643312101910829,0.8422234699606962,0.9947957889953976,0.9014822157943414,0.0115544300700425,0.0104418755389986,0.4,cmapss_fd001
patchtst,deep baseline,10,10196,332,9864,0.9831306394664574,0.682648401826484,0.9006024096385542,0.7766233766233767,0.8465458663646659,0.9951768753847507,0.8938318124817661,0.0121443511714241,0.0125455393840883,0.49,cmapss_fd001
timesnet,deep baseline,1,10196,332,9864,0.9824440957238132,0.660377358490566,0.9487951807228916,0.7787391841779975,0.8725761772853186,0.9968984820058824,0.9206536455827716,0.0104112153746354,0.0100747301338435,0.35,cmapss_fd001
timesnet,deep baseline,2,10196,332,9864,0.982738328756375,0.6673819742489271,0.9367469879518072,0.7794486215538847,0.866778149386845,0.9968728319604452,0.9252500998054688,0.009911572824274,0.0087637453462198,0.34,cmapss_fd001
timesnet,deep baseline,3,10196,332,9864,0.986171047469596,0.7334963325183375,0.9036144578313252,0.8097165991902834,0.8635578583765112,0.9965912921760032,0.9117802694243138,0.0125429095449904,0.0135678809055474,0.7000000000000001,cmapss_fd001
timesnet,deep baseline,4,10196,332,9864,0.9848960376618282,0.7099056603773585,0.9066265060240964,0.7962962962962963,0.8590182648401826,0.9961631807033486,0.9127712005866854,0.014728626933901,0.0160352008726167,0.75,cmapss_fd001
timesnet,deep baseline,5,10196,332,9864,0.988328756375049,0.7780678851174935,0.8975903614457831,0.8335664335664336,0.8708357685563998,0.9971827700094782,0.9298760567078044,0.0095885814955317,0.0093748164498391,0.63,cmapss_fd001
timesnet,deep baseline,6,10196,332,9864,0.9844056492742252,0.6988505747126437,0.9156626506024096,0.7926988265971316,0.8621667612024957,0.99675435317914,0.9226023476753348,0.0101851470748283,0.0091838815728979,0.44,cmapss_fd001
timesnet,deep baseline,7,10196,332,9864,0.9847979599843076,0.697986577181208,0.9397590361445785,0.8010269576379975,0.8788732394366198,0.9970499394170356,0.9234925294854566,0.009351496344654,0.0081087905962767,0.41,cmapss_fd001
timesnet,deep baseline,8,10196,332,9864,0.984699882306787,0.7018348623853211,0.9216867469879518,0.796875,0.8673469387755102,0.9963378452984688,0.909972309608714,0.0111781749514441,0.0099775199506978,0.5,cmapss_fd001
timesnet,deep baseline,9,10196,332,9864,0.9804825421734014,0.6371134020618556,0.9307228915662652,0.7564259485924113,0.8521787093215665,0.996778781793842,0.9268008918797664,0.010487947529374,0.0099671738202465,0.27,cmapss_fd001
timesnet,deep baseline,10,10196,332,9864,0.9831306394664574,0.6769911504424779,0.9216867469879518,0.7806122448979592,0.8595505617977528,0.996311584537664,0.9119932447235428,0.0120925011883445,0.0125498454823931,0.52,cmapss_fd001
w/o_attention,proposed/ablation,1,13696,291,13405,0.9902161214953272,0.6909975669099757,0.9759450171821306,0.8091168091168092,0.9015873015873016,0.9984711044117252,0.9406089658947724,0.0078008412831232,0.0097549492022799,0.52,cmapss_fd003
w/o_attention,proposed/ablation,2,13696,291,13405,0.9916764018691588,0.7335092348284961,0.9553264604810996,0.8298507462686567,0.9008425145819832,0.9975912972925166,0.9375852460140186,0.0073472606255902,0.0080601260572867,0.68,cmapss_fd003
w/o_attention,proposed/ablation,3,13696,291,13405,0.9888288551401868,0.6619718309859155,0.9690721649484536,0.7866108786610879,0.8867924528301887,0.9976682035092308,0.9474237606895178,0.0066913462136311,0.0081237495018812,0.27,cmapss_fd003
w/o_attention,proposed/ablation,4,13696,291,13405,0.9927716121495328,0.7651933701657458,0.9518900343642612,0.8483920367534457,0.9076015727391874,0.99873873804589,0.94627364697258,0.0073529669705431,0.0093819305175457,0.79,cmapss_fd003
w/o_attention,proposed/ablation,5,13696,291,13405,0.9915303738317756,0.7260981912144703,0.9656357388316152,0.8289085545722714,0.9058671824629272,0.998223466393906,0.9501396537717012,0.0080167888509967,0.0098355845630492,0.6900000000000001,cmapss_fd003
w/o_attention,proposed/ablation,6,13696,291,13405,0.990070093457944,0.6923076923076923,0.9587628865979382,0.8040345821325648,0.8902361199744735,0.997702811306752,0.9341914767184568,0.0075641817195338,0.0092122172527779,0.55,cmapss_fd003
w/o_attention,proposed/ablation,7,13696,291,13405,0.9910192757009346,0.71,0.9759450171821306,0.8219971056439942,0.907928388746803,0.9987236131566029,0.9453378783602406,0.0057588060431203,0.0057962837155878,0.3,cmapss_fd003
w/o_attention,proposed/ablation,8,13696,291,13405,0.9897780373831776,0.6921119592875318,0.9347079037800688,0.7953216374269005,0.8734746307000643,0.996759941089838,0.9006486984037014,0.009318076994042,0.0110676896589874,0.7100000000000001,cmapss_fd003
w/o_attention,proposed/ablation,9,13696,291,13405,0.9899970794392524,0.6878048780487804,0.9690721649484536,0.8045649072753209,0.8958068614993647,0.9979976184708226,0.9275769013386738,0.0076589494864126,0.0088508831190878,0.47,cmapss_fd003
w/o_attention,proposed/ablation,10,13696,291,13405,0.9916764018691588,0.7322834645669292,0.9587628865979382,0.8303571428571429,0.9029126213592232,0.9983090886485142,0.9384779662569648,0.0066690262399225,0.007574597756298,0.5700000000000001,cmapss_fd003
softmax_attention,proposed/ablation,1,13696,291,13405,0.9898510514018692,0.6835748792270532,0.972508591065292,0.8028368794326242,0.8967046894803549,0.9979981311789338,0.9365083287157367,0.0078585632498665,0.0098747359262344,0.54,cmapss_fd003
softmax_attention,proposed/ablation,2,13696,291,13405,0.990946261682243,0.7168831168831169,0.9484536082474226,0.8165680473372781,0.8908973531310523,0.9890839315996108,0.9285002555893452,0.0068882584121983,0.007073370486842,0.45,cmapss_fd003
softmax_attention,proposed/ablation,3,13696,291,13405,0.9878066588785048,0.6441860465116279,0.9518900343642612,0.768377253814147,0.8688833124215809,0.9903169946075924,0.9190392760107132,0.010500170214617,0.0147280388403733,0.64,cmapss_fd003
softmax_attention,proposed/ablation,4,13696,291,13405,0.9926985981308412,0.7833827893175074,0.9072164948453608,0.8407643312101911,0.8794137241838774,0.9957183745614744,0.942620761179646,0.005186560021045,0.0050582282017734,0.49,cmapss_fd003
softmax_attention,proposed/ablation,5,13696,291,13405,0.9865654205607476,0.6175824175824176,0.9656357388316152,0.7533512064343163,0.8678196417541693,0.9954138259432866,0.9103019845108808,0.01138774563557,0.014253359146317,0.55,cmapss_fd003
softmax_attention,proposed/ablation,6,13696,291,13405,0.9908002336448598,0.7047146401985112,0.9759450171821306,0.8184438040345822,0.9061901723037652,0.9985667244745062,0.9350246874353252,0.0096632741486167,0.0174441871527858,0.7100000000000001,cmapss_fd003
softmax_attention,proposed/ablation,7,13696,291,13405,0.9917494158878504,0.7367021276595744,0.9518900343642612,0.8305847076461769,0.8993506493506493,0.994736538528092,0.944437612110788,0.0060413409138092,0.007063026341737,0.52,cmapss_fd003
softmax_attention,proposed/ablation,8,13696,291,13405,0.9920414719626168,0.7446236559139785,0.9518900343642612,0.8355957767722474,0.9016927083333334,0.9969440033018404,0.9390731865476496,0.0061569439386323,0.0071277714524198,0.56,cmapss_fd003
softmax_attention,proposed/ablation,9,13696,291,13405,0.9911653037383178,0.717948717948718,0.9621993127147768,0.8223201174743024,0.9009009009009008,0.9955212382926308,0.943694288673814,0.0063584202391801,0.0067985633333472,0.39,cmapss_fd003
softmax_attention,proposed/ablation,10,13696,291,13405,0.990581191588785,0.7109375,0.9381443298969072,0.8088888888888889,0.8817829457364341,0.9955661002523806,0.9105803989443956,0.0079646995320663,0.007862730246271,0.64,cmapss_fd003
w/o_mc_dropout,proposed/ablation,1,13696,291,13405,0.9884637850467288,0.6557377049180327,0.9621993127147768,0.7799442896935933,0.8799497171590195,0.9980540163630792,0.9396798626843504,0.0110534116240675,0.0130572794576471,0.72,cmapss_fd003
w/o_mc_dropout,proposed/ablation,2,13696,291,13405,0.9867844626168224,0.625,0.9450171821305842,0.7523939808481532,0.8572319201995012,0.9974082604967373,0.9195845502921668,0.0111350316980164,0.0159108737989809,0.63,cmapss_fd003
w/o_mc_dropout,proposed/ablation,3,13696,291,13405,0.9921875,0.7486486486486487,0.9518900343642612,0.8381240544629349,0.9028683181225554,0.994587084113611,0.9377578485644862,0.0066269295063951,0.0094981582927082,0.66,cmapss_fd003
w/o_mc_dropout,proposed/ablation,4,13696,291,13405,0.9877336448598132,0.6453900709219859,0.9381443298969072,0.7647058823529411,0.8601134215500945,0.9908637978084291,0.8582587536254913,0.0089896435273951,0.0154503090337716,0.42,cmapss_fd003
w/o_mc_dropout,proposed/ablation,5,13696,291,13405,0.9844480140186916,0.5822784810126582,0.9484536082474226,0.7215686274509804,0.8424908424908425,0.9920084186671896,0.8650556785623982,0.0113460359312634,0.0141639461103083,0.46,cmapss_fd003
w/o_mc_dropout,proposed/ablation,6,13696,291,13405,0.9891939252336448,0.6774193548387096,0.9381443298969072,0.7867435158501441,0.8710912571793236,0.984151166859573,0.8890079489766383,0.0111499954472973,0.0144535987583197,0.7000000000000001,cmapss_fd003
w/o_mc_dropout,proposed/ablation,7,13696,291,13405,0.9912383177570092,0.7197943444730077,0.9621993127147768,0.8235294117647058,0.901481004507405,0.9967237951679824,0.9240517175916412,0.0068733924611764,0.0082150232176466,0.53,cmapss_fd003
w/o_mc_dropout,proposed/ablation,8,13696,291,13405,0.987222546728972,0.636150234741784,0.9312714776632304,0.7559274755927475,0.8522012578616353,0.9892777352657302,0.870935397624136,0.0090144802726823,0.0117641313630305,0.46,cmapss_fd003
w/o_mc_dropout,proposed/ablation,9,13696,291,13405,0.9898510514018692,0.6862745098039216,0.9621993127147768,0.8011444921316166,0.8905852417302799,0.9969545138181244,0.950748745617322,0.0063850263591459,0.0068500112901449,0.27,cmapss_fd003
w/o_mc_dropout,proposed/ablation,10,13696,291,13405,0.9920414719626168,0.7446236559139785,0.9518900343642612,0.8355957767722474,0.9016927083333334,0.997653591328055,0.934415160083386,0.005672367390375,0.0057327498865238,0.42,cmapss_fd003
w/o_class_weight,proposed/ablation,1,13696,291,13405,0.9908002336448598,0.7017114914425427,0.986254295532646,0.82,0.912269548633185,0.9989145969281096,0.952230764335644,0.0038742575440441,0.0026694480821729,0.0699999999999999,cmapss_fd003
w/o_class_weight,proposed/ablation,2,13696,291,13405,0.9889018691588785,0.6666666666666666,0.9553264604810996,0.7853107344632768,0.879190385831752,0.9874912038514632,0.910541142354718,0.0051973589601484,0.0028340684159693,0.0699999999999999,cmapss_fd003
w/o_class_weight,proposed/ablation,3,13696,291,13405,0.9907272196261684,0.7081218274111675,0.9587628865979382,0.8145985401459854,0.8953786906290115,0.9969173424800462,0.9372892396040932,0.004342747507657,0.002597900381163,0.09,cmapss_fd003
w/o_class_weight,proposed/ablation,4,13696,291,13405,0.9883907710280374,0.6578947368421053,0.9450171821305842,0.7757404795486601,0.8691529709228825,0.9952797527721484,0.9080150375717312,0.0060504607903032,0.0054812431421893,0.24,cmapss_fd003
w/o_class_weight,proposed/ablation,5,13696,291,13405,0.9915303738317756,0.7272727272727273,0.9621993127147768,0.8284023668639053,0.9038089089735312,0.9946604013735452,0.9394949626066972,0.0040967560469693,0.0015488077771007,0.08,cmapss_fd003
w/o_class_weight,proposed/ablation,6,13696,291,13405,0.9894129672897196,0.6780487804878049,0.9553264604810996,0.7931526390870185,0.8831003811944091,0.9969199060206032,0.9158264768849728,0.0051413591740943,0.004567743069261,0.22,cmapss_fd003
w/o_class_weight,proposed/ablation,7,13696,291,13405,0.9915303738317756,0.7296587926509186,0.9553264604810996,0.8273809523809523,0.8996763754045307,0.993995931661136,0.9362515592065864,0.0047349410488237,0.0033269918406225,0.11,cmapss_fd003
w/o_class_weight,proposed/ablation,8,13696,291,13405,0.9895589953271028,0.6753554502369669,0.979381443298969,0.7994389901823282,0.8984867591424969,0.998235002326413,0.9359626270398668,0.0045811962073737,0.0019073789854216,0.06,cmapss_fd003
w/o_class_weight,proposed/ablation,9,13696,291,13405,0.9848860981308412,0.5875,0.9690721649484536,0.7315175097276264,0.8576642335766423,0.9953059008858314,0.9234214693529242,0.0049694208435213,0.0024938747687671,0.02,cmapss_fd003
w/o_class_weight,proposed/ablation,10,13696,291,13405,0.987952686915888,0.6418918918918919,0.979381443298969,0.7755102040816326,0.8861940298507462,0.9982685847077116,0.9322242565417124,0.0051524632983674,0.0041498052445621,0.08,cmapss_fd003
w/_rolling_stats,proposed/ablation,1,13696,291,13405,0.9791179906542056,0.5052410901467506,0.8281786941580757,0.6276041666666666,0.7343083485679464,0.9713744807228158,0.6676273927999219,0.0148539405630606,0.016231386884492,0.31,cmapss_fd003
w/_rolling_stats,proposed/ablation,2,13696,291,13405,0.9743720794392524,0.4392712550607287,0.7457044673539519,0.5528662420382165,0.6544028950542823,0.9658636375871444,0.6055077873735436,0.0204003790461295,0.0235169363462365,0.54,cmapss_fd003
w/_rolling_stats,proposed/ablation,3,13696,291,13405,0.965172313084112,0.3697478991596639,0.9072164948453608,0.5253731343283582,0.7028753993610224,0.9798113490504003,0.6766363137499275,0.0185159425516624,0.0344801356539426,0.25,cmapss_fd003
w/_rolling_stats,proposed/ablation,4,13696,291,13405,0.9676547897196262,0.3865671641791044,0.8900343642611683,0.5390218522372529,0.7061068702290076,0.9688252959928016,0.7004979410687746,0.0164621575853387,0.0281101444110662,0.2,cmapss_fd003
w/_rolling_stats,proposed/ablation,5,13696,291,13405,0.9710134345794392,0.414516129032258,0.8831615120274914,0.5642151481888035,0.7202914798206278,0.9708194741921964,0.6597499039889014,0.0172136291779228,0.0371204215908645,0.27,cmapss_fd003
w/_rolling_stats,proposed/ablation,6,13696,291,13405,0.9670706775700936,0.3833819241982507,0.9037800687285223,0.5383828045035824,0.7108108108108108,0.9850948061386542,0.7126270579973827,0.0168543531125603,0.0327862577065966,0.17,cmapss_fd003
w/_rolling_stats,proposed/ablation,7,13696,291,13405,0.9716705607476636,0.4190317195325542,0.8625429553264605,0.5640449438202247,0.7118547929665343,0.966157419334992,0.6601497259545067,0.0187256592829483,0.030903025818325,0.3,cmapss_fd003
w/_rolling_stats,proposed/ablation,8,13696,291,13405,0.9809433411214952,0.5412087912087912,0.6769759450171822,0.601526717557252,0.6446335078534031,0.964518547856816,0.656965897744148,0.017380949979665,0.0140545732488347,0.63,cmapss_fd003
w/_rolling_stats,proposed/ablation,9,13696,291,13405,0.975686331775701,0.4597701149425287,0.8247422680412371,0.5904059040590406,0.7117437722419929,0.9824266731267888,0.6543014899795783,0.0156097860337912,0.031750508766865,0.31,cmapss_fd003
w/_rolling_stats,proposed/ablation,10,13696,291,13405,0.9747371495327104,0.4480151228733459,0.8144329896907216,0.5780487804878048,0.6999409332545776,0.9798536474695932,0.6490792036415948,0.0191045040479111,0.0370684483732645,0.47,cmapss_fd003
lstm,deep baseline,1,13696,291,13405,0.9912383177570092,0.7142857142857143,0.979381443298969,0.8260869565217391,0.9117082533589252,0.9986531157912816,0.9326262275994408,0.006234750950713,0.0082045741355274,0.47,cmapss_fd003
lstm,deep baseline,2,13696,291,13405,0.9915303738317756,0.7215189873417721,0.979381443298969,0.8309037900874635,0.914047466324567,0.9988881924603707,0.9532943094247058,0.0061938011421368,0.0076715405608393,0.46,cmapss_fd003
lstm,deep baseline,3,13696,291,13405,0.9915303738317756,0.72264631043257,0.9759450171821306,0.8304093567251462,0.912010276172126,0.9985403200067676,0.9474413732958296,0.0054879925582627,0.0071260023060204,0.38,cmapss_fd003
lstm,deep baseline,4,13696,291,13405,0.9906542056074766,0.7063291139240506,0.9587628865979382,0.8134110787172012,0.8948043617703656,0.9960911133584816,0.9119373331368348,0.00723344823183,0.0073509733307796,0.49,cmapss_fd003
lstm,deep baseline,5,13696,291,13405,0.9917494158878504,0.7305699481865285,0.9690721649484536,0.8330871491875923,0.9096774193548388,0.9982908875105586,0.9253815229991412,0.0086514002468087,0.0107022410633634,0.74,cmapss_fd003
lstm,deep baseline,6,13696,291,13405,0.9884637850467288,0.6514806378132119,0.9828178694158076,0.7835616438356164,0.8920773549594511,0.9980078726330508,0.9184926458123674,0.0060058060232884,0.0058357998187968,0.17,cmapss_fd003
lstm,deep baseline,7,13696,291,13405,0.9902891355140186,0.6965174129353234,0.9621993127147768,0.8080808080808081,0.8939974457215837,0.9983195991647984,0.9391086501689556,0.0067504827294826,0.0066541491200525,0.37,cmapss_fd003
lstm,deep baseline,8,13696,291,13405,0.9902161214953272,0.6928746928746928,0.9690721649484536,0.8080229226361032,0.8975175047740293,0.9974556859970444,0.9321931343466084,0.0060990639816201,0.0058356170911325,0.32,cmapss_fd003
lstm,deep baseline,9,13696,291,13405,0.9904351635514018,0.6932367149758454,0.986254295532646,0.8141843971631205,0.9093789607097592,0.9984054777734624,0.9340831906805286,0.0070555875051278,0.0084478176538489,0.41,cmapss_fd003
lstm,deep baseline,10,13696,291,13405,0.9906542056074766,0.7042606516290727,0.9656357388316152,0.8144927536231884,0.8989123480486244,0.9979345553731168,0.9220534626684802,0.0067594181745892,0.0070538170816307,0.28,cmapss_fd003
bilstm,deep baseline,1,13696,291,13405,0.9889018691588785,0.6605080831408776,0.9828178694158076,0.7900552486187845,0.8954289292423294,0.998500585128132,0.949929981201138,0.0068308597357753,0.0097643568983712,0.33,cmapss_fd003
bilstm,deep baseline,2,13696,291,13405,0.9883907710280374,0.6493212669683258,0.986254295532646,0.7830832196452933,0.8935242839352429,0.9982639703347088,0.9186563140251272,0.0086358724366969,0.0129119777754406,0.5,cmapss_fd003
bilstm,deep baseline,3,13696,291,13405,0.9882447429906542,0.6504629629629629,0.9656357388316152,0.7773167358229599,0.8803258145363408,0.9944081489827228,0.9278422182581376,0.007231853073387,0.0073117694889427,0.29,cmapss_fd003
bilstm,deep baseline,4,13696,291,13405,0.989705023364486,0.6838235294117647,0.9587628865979382,0.7982832618025751,0.8874045801526718,0.9983416456135898,0.9367367533207976,0.0071835480668508,0.0080524973911587,0.41,cmapss_fd003
bilstm,deep baseline,5,13696,291,13405,0.9888288551401868,0.6635071090047393,0.9621993127147768,0.7854137447405329,0.8827238335435057,0.9979840317058696,0.9248153336585888,0.0098849310069891,0.0128958998442714,0.64,cmapss_fd003
bilstm,deep baseline,6,13696,291,13405,0.9902161214953272,0.6947890818858561,0.9621993127147768,0.8069164265129684,0.8934269304403318,0.9980127433601096,0.9430218011613856,0.0061044081047883,0.0068353015955079,0.36,cmapss_fd003
bilstm,deep baseline,7,13696,291,13405,0.9923335280373832,0.7473404255319149,0.9656357388316152,0.8425787106446777,0.9123376623376624,0.9987087446213716,0.9481641896088684,0.0081439276811809,0.0103767303355164,0.76,cmapss_fd003
bilstm,deep baseline,8,13696,291,13405,0.990070093457944,0.6876513317191283,0.9759450171821306,0.8068181818181818,0.9004438807863031,0.998678751196853,0.9447173339157404,0.008428354220002,0.0109072907291243,0.64,cmapss_fd003
bilstm,deep baseline,9,13696,291,13405,0.9908732476635514,0.7231182795698925,0.9243986254295532,0.8114630467571644,0.8756510416666666,0.9968396672011648,0.9194555685318294,0.0075932942388131,0.0097353564188804,0.63,cmapss_fd003
bilstm,deep baseline,10,13696,291,13405,0.9901431074766356,0.695,0.9553264604810996,0.804630969609262,0.8887468030690537,0.9956117312742976,0.9314330171176346,0.0088108642856038,0.0107873342779971,0.62,cmapss_fd003
gru,deep baseline,1,13696,291,13405,0.9917494158878504,0.7329842931937173,0.9621993127147768,0.8320950965824666,0.9055627425614488,0.9984029142329052,0.9312412821083006,0.0069511599194075,0.0088840396433242,0.62,cmapss_fd003
gru,deep baseline,2,13696,291,13405,0.9891209112149532,0.663594470046083,0.9896907216494846,0.7944827586206896,0.9011264080100124,0.9983411329054784,0.9288304715054998,0.0086184779086551,0.0103042361690789,0.46,cmapss_fd003
gru,deep baseline,3,13696,291,13405,0.9911653037383178,0.7213541666666666,0.9518900343642612,0.8207407407407408,0.8947028423772609,0.9985287840742608,0.9424157248592896,0.0071971372496288,0.0082593910226457,0.59,cmapss_fd003
gru,deep baseline,4,13696,291,13405,0.9911653037383178,0.7157360406091371,0.9690721649484536,0.8233576642335766,0.9050064184852374,0.9983267770783584,0.9303998087090288,0.0075729844032306,0.0107875776869311,0.59,cmapss_fd003
gru,deep baseline,5,13696,291,13405,0.9885367990654206,0.6529680365296804,0.9828178694158076,0.7846364883401921,0.8926342072409488,0.9980863169740992,0.9245590664769228,0.0090798929382053,0.011384971850029,0.56,cmapss_fd003
gru,deep baseline,6,13696,291,13405,0.9913843457943924,0.7167919799498746,0.9828178694158076,0.8289855072463768,0.9149072296865004,0.998642092566886,0.9475570889955374,0.007027245891221,0.0077625623570698,0.48,cmapss_fd003
gru,deep baseline,7,13696,291,13405,0.9927716121495328,0.7594594594594595,0.9656357388316152,0.8502269288956127,0.9159061277705346,0.9987864199002526,0.94678650696676,0.0060934817934634,0.0066879412590623,0.6,cmapss_fd003
gru,deep baseline,8,13696,291,13405,0.9880987149532712,0.6434977578475336,0.986254295532646,0.7788331071913162,0.8913043478260869,0.9981352805987403,0.920003474024866,0.0098482138983416,0.0110933137569352,0.51,cmapss_fd003
gru,deep baseline,9,13696,291,13405,0.9901431074766356,0.6911764705882353,0.9690721649484536,0.8068669527896996,0.8969465648854962,0.9981883458882732,0.9335767865627368,0.0072177849129476,0.0083191139380356,0.45,cmapss_fd003
gru,deep baseline,10,13696,291,13405,0.991311331775701,0.715,0.9828178694158076,0.8277858176555717,0.9143222506393862,0.9986856727563572,0.9471613766288236,0.0063951844594176,0.006579141055014,0.35,cmapss_fd003
transformer,deep baseline,1,13696,291,13405,0.9913843457943924,0.7464387464387464,0.9003436426116839,0.8161993769470405,0.8646864686468647,0.9977745904423516,0.9162861562209474,0.0080373763527229,0.0082887174234133,0.7100000000000001,cmapss_fd003
transformer,deep baseline,2,13696,291,13405,0.9897780373831776,0.6864197530864198,0.9553264604810996,0.7988505747126436,0.8859145952836202,0.9974679909917186,0.8930595982450155,0.0074965303134979,0.0086434094680562,0.43,cmapss_fd003
transformer,deep baseline,3,13696,291,13405,0.989705023364486,0.7373417721518988,0.8006872852233677,0.7677100494233937,0.7871621621621622,0.9956232672068046,0.8775361864875358,0.0083528226349703,0.007517128245849,0.66,cmapss_fd003
transformer,deep baseline,4,13696,291,13405,0.990946261682243,0.7092731829573935,0.972508591065292,0.8202898550724638,0.9053103007037748,0.9988220531139969,0.9500886915254242,0.0052226854425266,0.0056797845812062,0.27,cmapss_fd003
transformer,deep baseline,5,13696,291,13405,0.9887558411214952,0.6788511749347258,0.8934707903780069,0.771513353115727,0.8403361344537815,0.99699783765354,0.9010344527009508,0.0088874014279328,0.0134944275678123,0.6,cmapss_fd003
transformer,deep baseline,6,13696,291,13405,0.9913843457943924,0.7212276214833759,0.9690721649484536,0.8269794721407625,0.9067524115755627,0.9987510430405642,0.9503401637799246,0.0068080522201513,0.0103537970696897,0.5,cmapss_fd003
transformer,deep baseline,7,13696,291,13405,0.9884637850467288,0.6658354114713217,0.9175257731958762,0.7716763005780347,0.853035143769968,0.9970306509726712,0.9093807676461166,0.011208075738235,0.0176426309905347,0.68,cmapss_fd003
transformer,deep baseline,8,13696,291,13405,0.9919684579439252,0.7350649350649351,0.972508591065292,0.8372781065088757,0.9134925758553906,0.9988028265598182,0.9451840236131972,0.006974115508754,0.009928554204558,0.67,cmapss_fd003
transformer,deep baseline,9,13696,291,13405,0.991457359813084,0.7430167597765364,0.9140893470790378,0.8197226502311248,0.873850197109067,0.9984141938113568,0.9388273993917218,0.0061901443962692,0.0073039829812587,0.52,cmapss_fd003
transformer,deep baseline,10,13696,291,13405,0.9899970794392524,0.6974358974358974,0.9347079037800688,0.7988252569750367,0.8751608751608752,0.9981729646449304,0.9302527953419436,0.0079310788158329,0.0084903909451708,0.51,cmapss_fd003
tcn,deep baseline,1,13696,291,13405,0.9910922897196262,0.7139240506329114,0.9690721649484536,0.8221574344023324,0.9044259140474664,0.9979366062055626,0.9322243001816132,0.0092203510641493,0.0124848442936585,0.7100000000000001,cmapss_fd003
tcn,deep baseline,2,13696,291,13405,0.9913843457943924,0.7331536388140162,0.9347079037800688,0.8217522658610272,0.8859934853420195,0.9961772483212014,0.9276160991707816,0.0086134962896785,0.0123448517968036,0.67,cmapss_fd003
tcn,deep baseline,3,13696,291,13405,0.9924065420560748,0.7533875338753387,0.9553264604810996,0.8424242424242424,0.9067188519243312,0.9986838782779672,0.947505979382824,0.0061551863651622,0.0077449682066034,0.59,cmapss_fd003
tcn,deep baseline,4,13696,291,13405,0.9899240654205608,0.687041564792176,0.9656357388316152,0.8028571428571428,0.8931977113795295,0.998471104411725,0.9430437061486392,0.0059660811376133,0.0063526185744636,0.33,cmapss_fd003
tcn,deep baseline,5,13696,291,13405,0.9913843457943924,0.7306666666666667,0.9415807560137456,0.8228228228228228,0.8901884340480831,0.9985987687314704,0.9450766919023784,0.0045147380103971,0.0029082254708742,0.25,cmapss_fd003
tcn,deep baseline,6,13696,291,13405,0.9921875,0.7459893048128342,0.9587628865979382,0.8390977443609022,0.9070221066319896,0.9983193428107427,0.9471505561613636,0.006655380875632,0.0098542174602324,0.56,cmapss_fd003
tcn,deep baseline,7,13696,291,13405,0.9894859813084113,0.6771084337349398,0.9656357388316152,0.7960339943342776,0.8898036732108929,0.9985464725041048,0.9439392636859516,0.0089818023403584,0.0126222007707736,0.5700000000000001,cmapss_fd003
tcn,deep baseline,8,13696,291,13405,0.9917494158878504,0.7282051282051282,0.9759450171821306,0.8340675477239354,0.9137709137709138,0.9984436745277638,0.9363951601210692,0.006862391815618,0.0103554237141728,0.54,cmapss_fd003
tcn,deep baseline,9,13696,291,13405,0.991311331775701,0.7193877551020408,0.9690721649484536,0.8257686676427526,0.9061696658097688,0.998554419479832,0.9384323375952252,0.00755630777947,0.009277914767417,0.59,cmapss_fd003
tcn,deep baseline,10,13696,291,13405,0.9901431074766356,0.6884057971014492,0.979381443298969,0.8085106382978723,0.903041825095057,0.9989353616066222,0.9570217382135447,0.0060763923514011,0.0077069001222341,0.34,cmapss_fd003
patchtst,deep baseline,1,13696,291,13405,0.992552570093458,0.752,0.9690721649484536,0.8468468468468469,0.9161793372319688,0.9989366433769008,0.9584164466381682,0.0064982851069522,0.0079970157392925,0.61,cmapss_fd003
patchtst,deep baseline,2,13696,291,13405,0.9897780373831776,0.6768149882903981,0.993127147766323,0.8050139275766016,0.9082338152105592,0.9993280960199752,0.9724347119902976,0.007429189225266,0.0106729130289053,0.48,cmapss_fd003
patchtst,deep baseline,3,13696,291,13405,0.991457359813084,0.7253886010362695,0.9621993127147768,0.827178729689808,0.9032258064516128,0.9988287183194454,0.9545042592869392,0.0087952418992288,0.0136767100809954,0.7100000000000001,cmapss_fd003
patchtst,deep baseline,4,13696,291,13405,0.991311331775701,0.7160804020100503,0.979381443298969,0.8272859216255443,0.912291933418694,0.9989599715959708,0.9567213705864612,0.0073983953046947,0.0103386796735891,0.61,cmapss_fd003
patchtst,deep baseline,5,13696,291,13405,0.9907272196261684,0.7,0.986254295532646,0.818830242510699,0.9116899618805592,0.9992006880542856,0.9671747905015264,0.0083416800032843,0.0135130406848033,0.64,cmapss_fd003
patchtst,deep baseline,6,13696,291,13405,0.9921144859813084,0.7340153452685422,0.986254295532646,0.841642228739003,0.9228295819935692,0.9991996626380628,0.9677694280004424,0.0068752022601279,0.0096566922664045,0.56,cmapss_fd003
patchtst,deep baseline,7,13696,291,13405,0.9919684579439252,0.731457800511509,0.9828178694158076,0.8387096774193549,0.919614147909968,0.9991686437973214,0.967936584972688,0.0063328482060156,0.009536263456777,0.55,cmapss_fd003
patchtst,deep baseline,8,13696,291,13405,0.9904351635514018,0.6932367149758454,0.986254295532646,0.8141843971631205,0.9093789607097592,0.9991373686025244,0.9652879341429984,0.0079336958823796,0.0113810682652112,0.54,cmapss_fd003
patchtst,deep baseline,9,13696,291,13405,0.9944509345794392,0.8097982708933718,0.9656357388316152,0.8808777429467085,0.9298477829252152,0.9992473444924254,0.9667629151288852,0.0072669500051298,0.0118271816508385,0.78,cmapss_fd003
patchtst,deep baseline,10,13696,291,13405,0.9915303738317756,0.72264631043257,0.9759450171821306,0.8304093567251462,0.912010276172126,0.999117116632123,0.9656617620851382,0.0063633490513499,0.0081964225007532,0.49,cmapss_fd003
timesnet,deep baseline,1,13696,291,13405,0.989339953271028,0.6674364896073903,0.993127147766323,0.7983425414364641,0.904821540388228,0.9989361306687892,0.9552612231956652,0.0063704462521574,0.0082580467940239,0.29,cmapss_fd003
timesnet,deep baseline,2,13696,291,13405,0.989705023364486,0.676056338028169,0.9896907216494846,0.803347280334728,0.9056603773584906,0.9990786635237658,0.962308440760469,0.0062745033786727,0.008754670678219,0.34,cmapss_fd003
timesnet,deep baseline,3,13696,291,13405,0.9912383177570092,0.7186700767263428,0.9656357388316152,0.8240469208211144,0.9035369774919614,0.9988722985089168,0.9532796894948032,0.0098054042907459,0.0143537117914534,0.77,cmapss_fd003
timesnet,deep baseline,4,13696,291,13405,0.991822429906542,0.7265822784810126,0.986254295532646,0.8367346938775511,0.9204618345093007,0.999005346263832,0.9560251633459534,0.0067090306199051,0.0093470580061102,0.56,cmapss_fd003
timesnet,deep baseline,5,13696,291,13405,0.9927716121495328,0.7553191489361702,0.9759450171821306,0.8515742128935532,0.922077922077922,0.9990878922697716,0.961206756349418,0.0077617321284743,0.0112269978875973,0.74,cmapss_fd003
timesnet,deep baseline,6,13696,291,13405,0.9932096962616822,0.7605263157894737,0.993127147766323,0.8614008941877794,0.935880829015544,0.999361165693162,0.9727624335415196,0.0051747453112996,0.0071475103845246,0.48,cmapss_fd003
timesnet,deep baseline,7,13696,291,13405,0.991457359813084,0.7175,0.986254295532646,0.8306801736613604,0.9175191815856778,0.9989484356634636,0.9561711817684057,0.0095168232980823,0.0139433801237471,0.75,cmapss_fd003
timesnet,deep baseline,8,13696,291,13405,0.9913843457943924,0.7135802469135802,0.993127147766323,0.8304597701149425,0.9209687699171448,0.9991673620270428,0.963510933543784,0.0062965303254639,0.0089830578575491,0.49,cmapss_fd003
timesnet,deep baseline,9,13696,291,13405,0.9899240654205608,0.68,0.993127147766323,0.8072625698324022,0.9093769666456892,0.9991630040080955,0.9656010037170462,0.0078781695460012,0.0110706778468866,0.53,cmapss_fd003
timesnet,deep baseline,10,13696,291,13405,0.9931366822429908,0.7640750670241286,0.979381443298969,0.858433734939759,0.9271307742355236,0.9991647984864857,0.9645091883262842,0.0056463796409925,0.0075536823596254,0.5700000000000001,cmapss_fd003
random_forest,machine learning,1,1128,329,799,0.6214539007092199,0.4332425068119891,0.9665653495440728,0.5983066792097836,0.775609756097561,0.8708225707666498,0.7753977158020188,0.1362868067889233,0.0936395399208507,0.19,ur3
gradient_boosting,machine learning,1,1128,329,799,0.6365248226950354,0.4407027818448023,0.9148936170212766,0.5948616600790514,0.7528764382191095,0.8778944805627095,0.8165881196161812,0.1481178251922958,0.1295462375438729,0.11,ur3
random_forest,machine learning,2,1128,329,799,0.5735815602836879,0.405,0.9848024316109424,0.5739592559787422,0.7655954631379962,0.8685324741032674,0.7659888317748973,0.1375638524659851,0.0868478094832687,0.16,ur3
gradient_boosting,machine learning,2,1128,329,799,0.6365248226950354,0.4407027818448023,0.9148936170212766,0.5948616600790514,0.7528764382191095,0.8778944805627095,0.8165881196161812,0.1481178251922958,0.1295462375438729,0.11,ur3
random_forest,machine learning,3,1128,329,799,0.62322695035461,0.4340659340659341,0.96048632218845,0.597918637653737,0.7729941291585127,0.8545103872241517,0.7415254827916102,0.143114133020199,0.1089643620572528,0.19,ur3
gradient_boosting,machine learning,3,1128,329,799,0.6365248226950354,0.4407027818448023,0.9148936170212766,0.5948616600790514,0.7528764382191095,0.8778944805627095,0.8165881196161812,0.1481178251922958,0.1295462375438729,0.11,ur3
random_forest,machine learning,4,1128,329,799,0.6436170212765957,0.4476327116212338,0.9483282674772036,0.6081871345029239,0.7749627421758569,0.8692476537921642,0.7731847869423455,0.1363355727521111,0.0950563283403551,0.21,ur3
gradient_boosting,machine learning,4,1128,329,799,0.6365248226950354,0.4407027818448023,0.9148936170212766,0.5948616600790514,0.7528764382191095,0.8778944805627095,0.8165881196161812,0.1481178251922958,0.1295462375438729,0.11,ur3
random_forest,machine learning,5,1128,329,799,0.6312056737588653,0.44,0.9696048632218844,0.6053130929791272,0.7814796668299853,0.8666874626718049,0.7642230455205283,0.1372901596764802,0.0986431515762759,0.19,ur3
gradient_boosting,machine learning,5,1128,329,799,0.6365248226950354,0.4407027818448023,0.9148936170212766,0.5948616600790514,0.7528764382191095,0.8778944805627095,0.8165881196161812,0.1481178251922958,0.1295462375438729,0.11,ur3
random_forest,machine learning,6,1128,329,799,0.6090425531914894,0.4253333333333333,0.9696048632218844,0.5912882298424467,0.7720232333010648,0.8714502550680752,0.7795436384042086,0.1357121944703945,0.0935016496315729,0.18,ur3
gradient_boosting,machine learning,6,1128,329,799,0.6365248226950354,0.4407027818448023,0.9148936170212766,0.5948616600790514,0.7528764382191095,0.8778944805627095,0.8165881196161812,0.1481178251922958,0.1295462375438729,0.11,ur3
random_forest,machine learning,7,1128,329,799,0.6046099290780141,0.4229249011857707,0.9756838905775076,0.5900735294117647,0.7734939759036145,0.8703242274727907,0.7805820798858337,0.1364403051062662,0.1050928607299533,0.17,ur3
gradient_boosting,machine learning,7,1128,329,799,0.6365248226950354,0.4407027818448023,0.9148936170212766,0.5948616600790514,0.7528764382191095,0.8778944805627095,0.8165881196161812,0.1481178251922958,0.1295462375438729,0.11,ur3
random_forest,machine learning,8,1128,329,799,0.62322695035461,0.4342465753424657,0.9635258358662614,0.5986779981114259,0.7746823069403714,0.869327540885073,0.7762035924668289,0.1365097781258484,0.1009356345638287,0.19,ur3
gradient_boosting,machine learning,8,1128,329,799,0.6365248226950354,0.4407027818448023,0.9148936170212766,0.5948616600790514,0.7528764382191095,0.8778944805627095,0.8165881196161812,0.1481178251922958,0.1295462375438729,0.11,ur3
random_forest,machine learning,9,1128,329,799,0.649822695035461,0.4525862068965517,0.9574468085106383,0.6146341463414634,0.782803180914513,0.8705106306895778,0.775982781258754,0.1364874495891787,0.0930532006882422,0.2,ur3
gradient_boosting,machine learning,9,1128,329,799,0.6365248226950354,0.4407027818448023,0.9148936170212766,0.5948616600790514,0.7528764382191095,0.8778944805627095,0.8165881196161812,0.1481178251922958,0.1295462375438729,0.11,ur3
random_forest,machine learning,10,1128,329,799,0.575354609929078,0.4050632911392405,0.972644376899696,0.5719392314566577,0.7597340930674265,0.8633360089169213,0.7690302107612875,0.1393006034084063,0.0997255532431417,0.16,ur3
gradient_boosting,machine learning,10,1128,329,799,0.6365248226950354,0.4407027818448023,0.9148936170212766,0.5948616600790514,0.7528764382191095,0.8778944805627095,0.8165881196161812,0.1481178251922958,0.1295462375438729,0.11,ur3
random_forest,machine learning,1,10196,332,9864,0.9804825421734014,0.6587112171837709,0.8313253012048193,0.7350199733688415,0.7899255867200916,0.9918124444249016,0.8443589313984952,0.0116264864586572,0.0111370470467758,0.3,cmapss_fd001
gradient_boosting,machine learning,1,10196,332,9864,0.9830325617889368,0.6861826697892272,0.8825301204819277,0.7720685111989459,0.8347578347578347,0.9951084752635848,0.8927887906673789,0.0095176515257294,0.003297779331848,0.26,cmapss_fd001
random_forest,machine learning,2,10196,332,9864,0.98028638681836,0.657074340527578,0.8253012048192772,0.7316421895861148,0.7851002865329513,0.9916441923411408,0.8448839608450894,0.0116443127758744,0.0111416040466007,0.3,cmapss_fd001
gradient_boosting,machine learning,2,10196,332,9864,0.9864652805021578,0.7650273224043715,0.8433734939759037,0.8022922636103151,0.8264462809917356,0.9956187279531752,0.8966231752288425,0.0091557687929604,0.0031494424842095,0.36,cmapss_fd001
random_forest,machine learning,3,10196,332,9864,0.9787171439780306,0.631578947368421,0.8313253012048193,0.717815344603381,0.7818696883852692,0.9914197544435648,0.84343175993191,0.0117050442159626,0.0111464089101608,0.28,cmapss_fd001
gradient_boosting,machine learning,3,10196,332,9864,0.9860729697920754,0.7473958333333334,0.8644578313253012,0.8016759776536313,0.8382009345794392,0.9954254365393446,0.8988802778847637,0.0091761722896358,0.0038614991084368,0.35,cmapss_fd001
random_forest,machine learning,4,10196,332,9864,0.9750882699097684,0.5792682926829268,0.858433734939759,0.691747572815534,0.782967032967033,0.9914789938342176,0.844656243789121,0.0116946259380731,0.0113503105939224,0.24,cmapss_fd001
gradient_boosting,machine learning,4,10196,332,9864,0.9816594743036484,0.6579520697167756,0.9096385542168676,0.7635903919089759,0.8449916060436485,0.9947386871085314,0.8866007983924357,0.009737209709337,0.0052493772650601,0.23,cmapss_fd001
random_forest,machine learning,5,10196,332,9864,0.9803844644958808,0.6617647058823529,0.8132530120481928,0.7297297297297297,0.7776497695852534,0.9917690836338052,0.8439093387463161,0.0116585028601318,0.0109224438806737,0.31,cmapss_fd001
gradient_boosting,machine learning,5,10196,332,9864,0.984209493919184,0.7070217917675545,0.8795180722891566,0.7838926174496644,0.8385985066053991,0.9951057270444308,0.889989679902442,0.0094659383628812,0.0031674396387049,0.28,cmapss_fd001
random_forest,machine learning,6,10196,332,9864,0.9808748528834836,0.6708229426433915,0.8102409638554217,0.7339699863574352,0.7779063042220937,0.9914246401665054,0.8419005922884462,0.0117407734044269,0.0115383141450423,0.32,cmapss_fd001
gradient_boosting,machine learning,6,10196,332,9864,0.9853864260494312,0.7340153452685422,0.8644578313253012,0.7939142461964038,0.8347876672484003,0.9953481810453492,0.8933781681344062,0.009273999606554,0.004971747960497,0.34,cmapss_fd001
random_forest,machine learning,7,10196,332,9864,0.9813652412710868,0.6820512820512821,0.8012048192771084,0.7368421052631579,0.7741559953434226,0.9917251121273416,0.8423341869096422,0.0116867167020401,0.0109509041350769,0.32,cmapss_fd001
gradient_boosting,machine learning,7,10196,332,9864,0.983228717143978,0.6825396825396826,0.9066265060240964,0.7787839586028461,0.8507631430186546,0.995246191578968,0.8937733988832026,0.0093176704976551,0.003957386575341,0.26,cmapss_fd001
random_forest,machine learning,8,10196,332,9864,0.9816594743036484,0.6835443037974683,0.8132530120481928,0.7427785419532325,0.783517121300058,0.991682056693929,0.841670184987941,0.0116150927566746,0.0110263088608925,0.32,cmapss_fd001
gradient_boosting,machine learning,8,10196,332,9864,0.9865633581796784,0.768595041322314,0.8403614457831325,0.8028776978417266,0.8249556475458308,0.9949722857366204,0.8848382071380527,0.0093182316794357,0.0045928296729733,0.4,cmapss_fd001
random_forest,machine learning,9,10196,332,9864,0.9752844252648096,0.5806451612903226,0.8674698795180723,0.6956521739130435,0.7894736842105263,0.9916280083839006,0.8449494103880133,0.0116124602669529,0.0112333731059035,0.23,cmapss_fd001
gradient_boosting,machine learning,9,10196,332,9864,0.9834248724990192,0.691764705882353,0.8855421686746988,0.7767503302509907,0.838562464346834,0.9954324597660716,0.8986789334600408,0.0091023254144585,0.0030760449607126,0.22,cmapss_fd001
random_forest,machine learning,10,10196,332,9864,0.9787171439780306,0.632183908045977,0.8283132530120482,0.7170795306388527,0.7799205899035735,0.9916215958725414,0.8439166150764642,0.0116926135429684,0.0114295689315007,0.29,cmapss_fd001
gradient_boosting,machine learning,10,10196,332,9864,0.9826402510788544,0.6781609195402298,0.8885542168674698,0.7692307692307693,0.8366420873511061,0.9949325892377296,0.8893453493517908,0.0096929024537725,0.0057357010073476,0.3,cmapss_fd001
random_forest,machine learning,1,13696,291,13405,0.9878796728971962,0.676056338028169,0.8247422680412371,0.7430340557275542,0.7899934167215273,0.9954694547733768,0.8601287444709732,0.0073877694972361,0.0069308668596464,0.36,cmapss_fd003
gradient_boosting,machine learning,1,13696,291,13405,0.9881717289719626,0.656934306569343,0.9278350515463918,0.7692307692307693,0.8571428571428571,0.9976192398845894,0.9139909219012629,0.00584955097918,0.004036221463838,0.23,cmapss_fd003
random_forest,machine learning,2,13696,291,13405,0.9883907710280374,0.6941176470588235,0.8109965635738832,0.7480190174326465,0.7845744680851063,0.9955430283873664,0.8592145417732825,0.0074019198291609,0.0067590898016348,0.38,cmapss_fd003
gradient_boosting,machine learning,2,13696,291,13405,0.9834258177570092,0.5666666666666667,0.9347079037800688,0.7055771725032426,0.8272506082725061,0.9966876492461268,0.8883266612603428,0.00739733526566,0.0082606880364876,0.22,cmapss_fd003
random_forest,machine learning,3,13696,291,13405,0.9845210280373832,0.5887640449438202,0.9003436426116839,0.7119565217391305,0.8141702921068987,0.99533768878874,0.8572429022371456,0.0074253205169421,0.0065745821318664,0.25,cmapss_fd003
gradient_boosting,machine learning,3,13696,291,13405,0.9869304906542056,0.6278538812785388,0.9450171821305842,0.7544581618655692,0.8583021223470662,0.9973577587477616,0.9072129434680902,0.00628430556736,0.0052316049459214,0.23,cmapss_fd003
random_forest,machine learning,4,13696,291,13405,0.9891939252336448,0.7134328358208956,0.8213058419243986,0.7635782747603834,0.7971981320880587,0.9955348250575836,0.8619815489243049,0.0073225503932851,0.0072102039651284,0.4,cmapss_fd003
gradient_boosting,machine learning,4,13696,291,13405,0.9858352803738316,0.6114942528735632,0.9140893470790378,0.7327823691460055,0.8317698561601,0.9968509467796164,0.8927562831655573,0.0072078059853083,0.0080225462053271,0.3,cmapss_fd003
random_forest,machine learning,5,13696,291,13405,0.9869304906542056,0.6458333333333334,0.852233676975945,0.7348148148148148,0.8010335917312662,0.9956568495881032,0.8609953649455778,0.0073705305389325,0.006895297341324,0.33,cmapss_fd003
gradient_boosting,machine learning,5,13696,291,13405,0.9894129672897196,0.7005494505494505,0.8762886597938144,0.7786259541984732,0.8344240837696335,0.9970993538596026,0.901266176702836,0.006653921487676,0.0076901176841661,0.41,cmapss_fd003
random_forest,machine learning,6,13696,291,13405,0.9890478971962616,0.7117117117117117,0.8144329896907216,0.7596153846153846,0.7915831663326653,0.9954545862381452,0.8593055003118579,0.007374537435825,0.0072716388953969,0.39,cmapss_fd003
gradient_boosting,machine learning,6,13696,291,13405,0.986857476635514,0.6258503401360545,0.9484536082474226,0.7540983606557377,0.8598130841121495,0.9976248796738152,0.911302558284168,0.006056125597796,0.0045557414038092,0.18,cmapss_fd003
random_forest,machine learning,7,13696,291,13405,0.9875146028037384,0.6630434782608695,0.8384879725085911,0.7405159332321699,0.7963446475195822,0.9955276471440234,0.8604317812956409,0.0073784958812353,0.007030836172886,0.34,cmapss_fd003
gradient_boosting,machine learning,7,13696,291,13405,0.9887558411214952,0.6683046683046683,0.9347079037800688,0.7793696275071633,0.8656906429026098,0.9976300067549292,0.9119087785379464,0.0058706101753575,0.0043708351944596,0.26,cmapss_fd003
random_forest,machine learning,8,13696,291,13405,0.9880987149532712,0.6818181818181818,0.8247422680412371,0.7465007776049767,0.7915567282321899,0.9957001734235188,0.8621038658121727,0.0073278595587885,0.0068418951599977,0.37,cmapss_fd003
gradient_boosting,machine learning,8,13696,291,13405,0.9864193925233644,0.6190476190476191,0.9381443298969072,0.7459016393442623,0.8504672897196262,0.9974444064185928,0.9067146134901748,0.0064000142671881,0.0059076757396052,0.23,cmapss_fd003
random_forest,machine learning,9,13696,291,13405,0.9884637850467288,0.69164265129683,0.8247422680412371,0.7523510971786834,0.7941760423560555,0.995418183962234,0.8585640360077826,0.0074468894580268,0.0065499625749914,0.39,cmapss_fd003
gradient_boosting,machine learning,9,13696,291,13405,0.984375,0.5838779956427015,0.9209621993127148,0.7146666666666667,0.8256315465187923,0.9973633985369874,0.909042082999416,0.0063279502861803,0.0061363368360154,0.19,cmapss_fd003
random_forest,machine learning,10,13696,291,13405,0.9880257009345794,0.6778711484593838,0.8316151202749141,0.7469135802469136,0.7955292570677186,0.995495090178948,0.8622421261254247,0.0073252464273902,0.00717243463132,0.36,cmapss_fd003
gradient_boosting,machine learning,10,13696,291,13405,0.9888288551401868,0.6707920792079208,0.9312714776632304,0.7798561151079136,0.8641581632653061,0.9978796956051944,0.9195169450548268,0.0056121589558309,0.0035981471171711,0.24,cmapss_fd003
random_forest,machine learning,1,800,177,623,0.68875,0.2721518987341772,0.2429378531073446,0.2567164179104477,0.2482678983833718,0.5615801071904671,0.2584245131704239,0.2241683135237559,0.1965302539674359,0.55,xjtu
gradient_boosting,machine learning,1,800,177,623,0.77875,0.5,0.6892655367231638,0.5795724465558195,0.6407563025210085,0.6681085688893724,0.3987728214896656,0.2411499402132028,0.2369205235130739,0.93,xjtu
random_forest,machine learning,2,800,177,623,0.67875,0.2333333333333333,0.1977401129943503,0.2140672782874617,0.2039627039627039,0.5387454543805715,0.2497631950457593,0.2307060127214179,0.222184492163163,0.5800000000000001,xjtu
gradient_boosting,machine learning,2,800,177,623,0.77875,0.5,0.6892655367231638,0.5795724465558195,0.6407563025210085,0.6681085688893724,0.3987728214896656,0.2411499402132028,0.2369205235130739,0.93,xjtu
random_forest,machine learning,3,800,177,623,0.7,0.3179190751445087,0.3107344632768362,0.3142857142857143,0.3121452894438138,0.5561072267413917,0.2602142254574163,0.2211374986872845,0.2007460336632195,0.53,xjtu
gradient_boosting,machine learning,3,800,177,623,0.77875,0.5,0.6892655367231638,0.5795724465558195,0.6407563025210085,0.6681085688893724,0.3987728214896656,0.2411499402132028,0.2369205235130739,0.93,xjtu
random_forest,machine learning,4,800,177,623,0.6875,0.2760736196319018,0.2542372881355932,0.2647058823529412,0.2583237657864523,0.5466849851728923,0.2503844161772346,0.2273155423314475,0.1945877202998121,0.5700000000000001,xjtu
gradient_boosting,machine learning,4,800,177,623,0.77875,0.5,0.6892655367231638,0.5795724465558195,0.6407563025210085,0.6681085688893724,0.3987728214896656,0.2411499402132028,0.2369205235130739,0.93,xjtu
random_forest,machine learning,5,800,177,623,0.6975,0.3053892215568862,0.288135593220339,0.2965116279069767,0.2914285714285714,0.5377479119623473,0.2465867653492617,0.2292452424063349,0.1977190164341351,0.54,xjtu
gradient_boosting,machine learning,5,800,177,623,0.77875,0.5,0.6892655367231638,0.5795724465558195,0.6407563025210085,0.6681085688893724,0.3987728214896656,0.2411499402132028,0.2369205235130739,0.93,xjtu
random_forest,machine learning,6,800,177,623,0.6875,0.3027027027027027,0.3163841807909605,0.3093922651933701,0.3135498320268757,0.5473061820424228,0.2510797686576635,0.2259887896625727,0.1970194923868003,0.48,xjtu
gradient_boosting,machine learning,6,800,177,623,0.77875,0.5,0.6892655367231638,0.5795724465558195,0.6407563025210085,0.6681085688893724,0.3987728214896656,0.2411499402132028,0.2369205235130739,0.93,xjtu
random_forest,machine learning,7,800,177,623,0.69,0.2899408284023668,0.2768361581920904,0.2832369942196532,0.2793614595210946,0.5240317037117648,0.2383982352831013,0.2373264637246734,0.2144308631972301,0.55,xjtu
gradient_boosting,machine learning,7,800,177,623,0.77875,0.5,0.6892655367231638,0.5795724465558195,0.6407563025210085,0.6681085688893724,0.3987728214896656,0.2411499402132028,0.2369205235130739,0.93,xjtu
random_forest,machine learning,8,800,177,623,0.68125,0.2947368421052631,0.3163841807909605,0.3051771117166212,0.311804008908686,0.5299489439653218,0.2379695321876977,0.2359015130551644,0.2041702023089461,0.5,xjtu
gradient_boosting,machine learning,8,800,177,623,0.77875,0.5,0.6892655367231638,0.5795724465558195,0.6407563025210085,0.6681085688893724,0.3987728214896656,0.2411499402132028,0.2369205235130739,0.93,xjtu
random_forest,machine learning,9,800,177,623,0.6875,0.2550335570469799,0.2146892655367231,0.2331288343558282,0.2217036172695449,0.558324491480081,0.2591251347758844,0.2217104707783942,0.2030707439058869,0.59,xjtu
gradient_boosting,machine learning,9,800,177,623,0.77875,0.5,0.6892655367231638,0.5795724465558195,0.6407563025210085,0.6681085688893724,0.3987728214896656,0.2411499402132028,0.2369205235130739,0.93,xjtu
random_forest,machine learning,10,800,177,623,0.69375,0.2848101265822785,0.2542372881355932,0.2686567164179104,0.2598152424942263,0.5465716280799122,0.2514932666643017,0.22452511156724,0.1943489202923421,0.56,xjtu
gradient_boosting,machine learning,10,800,177,623,0.77875,0.5,0.6892655367231638,0.5795724465558195,0.6407563025210085,0.6681085688893724,0.3987728214896656,0.2411499402132028,0.2369205235130739,0.93,xjtu
w/o_attention,proposed/ablation,1,800,177,623,0.73,0.4334470989761092,0.7175141242937854,0.5404255319148936,0.6343656343656343,0.7278522911735633,0.3595829234780943,0.2842326794104084,0.340551072396338,0.86,xjtu
w/o_attention,proposed/ablation,2,800,177,623,0.7325,0.4377104377104377,0.7344632768361582,0.5485232067510548,0.6467661691542289,0.7487235991330449,0.3510365139511299,0.3882295063580493,0.4908605647459627,0.76,xjtu
w/o_attention,proposed/ablation,3,800,177,623,0.66375,0.3662790697674418,0.711864406779661,0.4836852207293666,0.5988593155893536,0.6305148225734781,0.3362190067666314,0.5063510250938194,0.5740273097157479,0.95,xjtu
w/o_attention,proposed/ablation,4,800,177,623,0.725,0.4261168384879725,0.7005649717514124,0.5299145299145299,0.6206206206206206,0.7272446971551904,0.3595101579266517,0.3006268550693638,0.3574898470938206,0.97,xjtu
w/o_attention,proposed/ablation,5,800,177,623,0.67625,0.3772455089820359,0.711864406779661,0.4931506849315068,0.6046065259117083,0.6633611738353692,0.3236084777620537,0.3743250568595778,0.4589973429590464,0.91,xjtu
w/o_attention,proposed/ablation,6,800,177,623,0.51125,0.2761506276150627,0.7457627118644068,0.4030534351145038,0.5564924114671164,0.5980040083068077,0.2870996572763896,0.4812612600582316,0.5245121860131622,0.44,xjtu
w/o_attention,proposed/ablation,7,800,177,623,0.4175,0.2405745062836624,0.7570621468926554,0.3651226158038147,0.5296442687747036,0.5407768134867734,0.2404602826072473,0.4842434443485497,0.5413166216015816,0.5,xjtu
w/o_attention,proposed/ablation,8,800,177,623,0.68375,0.3855421686746988,0.7231638418079096,0.5029469548133595,0.6153846153846154,0.7573886153204378,0.4268039297531101,0.3134882731710758,0.3457802207767963,0.88,xjtu
w/o_attention,proposed/ablation,9,800,177,623,0.73875,0.4389312977099237,0.6497175141242938,0.5239179954441914,0.5927835051546392,0.6973683017293758,0.4000900184923431,0.454301705541436,0.5299585391953587,0.97,xjtu
w/o_attention,proposed/ablation,10,800,177,623,0.7225,0.4232081911262799,0.7005649717514124,0.5276595744680851,0.6193806193806194,0.7192099464047664,0.3329286568276279,0.2732910499087322,0.293022518903017,0.97,xjtu
softmax_attention,proposed/ablation,1,800,177,623,0.715,0.398406374501992,0.5649717514124294,0.4672897196261682,0.5213764337851929,0.6439317680985934,0.3576550805187019,0.3623010306377321,0.4538977950066328,0.97,xjtu
softmax_attention,proposed/ablation,2,800,177,623,0.3775,0.2265758091993185,0.751412429378531,0.3481675392670157,0.5135135135135135,0.6286920405183593,0.3776418121545476,0.4931397437198898,0.5529924634099006,0.53,xjtu
softmax_attention,proposed/ablation,3,800,177,623,0.6675,0.3596214511041009,0.6440677966101694,0.4615384615384615,0.5560975609756098,0.6280164322441985,0.3669320738611185,0.4873330389391699,0.5609276854991913,0.95,xjtu
softmax_attention,proposed/ablation,4,800,177,623,0.2225,0.2021419009370816,0.8531073446327684,0.3268398268398268,0.5189003436426117,0.6205892755121474,0.3784582261814445,0.4936016249210619,0.5438905056938529,0.48,xjtu
softmax_attention,proposed/ablation,5,800,177,623,0.66875,0.3674698795180723,0.6892655367231638,0.4793713163064833,0.5865384615384616,0.6764652537838598,0.3876007906142334,0.3976012145374959,0.4842772164568305,0.88,xjtu
softmax_attention,proposed/ablation,6,800,177,623,0.67875,0.3684210526315789,0.632768361581921,0.4656964656964657,0.5533596837944664,0.7012269771744157,0.3575295346312208,0.3548197221974248,0.3770894503965973,0.96,xjtu
softmax_attention,proposed/ablation,7,800,177,623,0.38375,0.2266435986159169,0.7401129943502824,0.3470198675496688,0.5093312597200622,0.5756771952734627,0.2972601812040568,0.4824354430321568,0.5406448563933373,0.51,xjtu
softmax_attention,proposed/ablation,8,800,177,623,0.70375,0.4006622516556291,0.6836158192090396,0.5052192066805845,0.599009900990099,0.7346446481849263,0.4134089311131431,0.304938569309424,0.3418339548632502,0.94,xjtu
softmax_attention,proposed/ablation,9,800,177,623,0.45,0.2495238095238095,0.7401129943502824,0.3732193732193732,0.5312246553122466,0.5911345684722185,0.3252646217523122,0.5061044811149092,0.5618929513543844,0.53,xjtu
softmax_attention,proposed/ablation,10,800,177,623,0.445,0.2466793168880455,0.7344632768361582,0.3693181818181818,0.5263157894736842,0.6344279094231484,0.3433898365870946,0.4427704445937738,0.4551266484335065,0.3,xjtu
w/o_mc_dropout,proposed/ablation,1,800,177,623,0.735,0.4261603375527426,0.5706214689265536,0.4879227053140096,0.5343915343915344,0.7579599350690571,0.5814278996236414,0.291652525127371,0.3265763798728586,0.98,xjtu
w/o_mc_dropout,proposed/ablation,2,800,177,623,0.4875,0.2636916835699797,0.7344632768361582,0.3880597014925373,0.5412156536219817,0.6500122425660417,0.5261534149497139,0.4883299094123671,0.5481780949234962,0.53,xjtu
w/o_mc_dropout,proposed/ablation,3,800,177,623,0.64625,0.3519553072625698,0.711864406779661,0.4710280373831775,0.5909943714821764,0.7196815119115633,0.5756212550177969,0.4490827308228597,0.5371667881309986,0.7000000000000001,xjtu
w/o_mc_dropout,proposed/ablation,4,800,177,623,0.7475,0.4439461883408072,0.559322033898305,0.495,0.5316863587540279,0.6459585929210763,0.5300355879658759,0.4869646496758564,0.5373171105235816,0.97,xjtu
w/o_mc_dropout,proposed/ablation,5,800,177,623,0.66625,0.3652694610778443,0.6892655367231638,0.4774951076320939,0.5854126679462572,0.7100869675617344,0.545638321936203,0.3984009681168078,0.4841802908480168,0.79,xjtu
w/o_mc_dropout,proposed/ablation,6,800,177,623,0.70625,0.3933823529411764,0.6045197740112994,0.4766146993318486,0.5459183673469388,0.6887168883931406,0.5206178047400352,0.405467791993084,0.4048676940053701,0.97,xjtu
w/o_mc_dropout,proposed/ablation,7,800,177,623,0.215,0.2120051085568327,0.9378531073446328,0.3458333333333333,0.556673373574782,0.6261483073518876,0.4819354745619164,0.4481399350057157,0.5121417109668255,0.51,xjtu
w/o_mc_dropout,proposed/ablation,8,800,177,623,0.4825,0.2625250501002004,0.7401129943502824,0.3875739644970414,0.5426677713338857,0.6480443634319086,0.541277908346768,0.4888277353012347,0.5419156563282014,0.49,xjtu
w/o_mc_dropout,proposed/ablation,9,800,177,623,0.22125,0.22125,1.0,0.3623336745138178,0.5868700265251989,0.6382911191519076,0.5121396027518208,0.4912895934131422,0.553089323565364,0.53,xjtu
w/o_mc_dropout,proposed/ablation,10,800,177,623,0.73125,0.4335664335664335,0.7005649717514124,0.5356371490280778,0.6237424547283702,0.7437177499070473,0.4084521550129548,0.293935492234827,0.3367648943886161,0.87,xjtu
w/o_class_weight,proposed/ablation,1,800,177,623,0.70375,0.3846153846153846,0.5649717514124294,0.4576659038901602,0.5165289256198347,0.6509281678773203,0.3662665241676363,0.2727182556243147,0.2532079749181866,0.89,xjtu
w/o_class_weight,proposed/ablation,2,800,177,623,0.72375,0.4098360655737705,0.5649717514124294,0.4750593824228028,0.5252100840336135,0.6803783406335302,0.4608380190864591,0.2231474091069815,0.1618280004896223,0.87,xjtu
w/o_class_weight,proposed/ablation,3,800,177,623,0.72,0.4099616858237548,0.6045197740112994,0.4885844748858447,0.5521155830753354,0.6817612971678865,0.4444346326471284,0.2300331769008229,0.1907505874335765,0.8400000000000001,xjtu
w/o_class_weight,proposed/ablation,4,800,177,623,0.7175,0.4061302681992337,0.5988700564971752,0.4840182648401826,0.5469556243550051,0.7356331220357121,0.3721144804667209,0.2836255266427323,0.2834320399805438,0.94,xjtu
w/o_class_weight,proposed/ablation,5,800,177,623,0.68,0.3696369636963696,0.632768361581921,0.4666666666666667,0.5539070227497527,0.7268275430530239,0.4478538167905714,0.2582168987667377,0.2243739643041044,0.8,xjtu
w/o_class_weight,proposed/ablation,6,800,177,623,0.72,0.4197952218430034,0.6949152542372882,0.5234042553191489,0.6143856143856143,0.7131884176256676,0.4919148927330139,0.243477006576687,0.2014957464300096,0.22,xjtu
w/o_class_weight,proposed/ablation,7,800,177,623,0.73,0.4190871369294606,0.5706214689265536,0.4832535885167464,0.5321390937829295,0.744411495316085,0.4582713870573177,0.2439852679339647,0.2670540039706975,0.91,xjtu
w/o_class_weight,proposed/ablation,8,800,177,623,0.68,0.3792048929663608,0.7005649717514124,0.492063492063492,0.5990338164251208,0.7833609924640205,0.4602132278848378,0.2773646919932997,0.2607555897068232,0.22,xjtu
w/o_class_weight,proposed/ablation,9,800,177,623,0.73,0.4216867469879518,0.5932203389830508,0.4929577464788732,0.54858934169279,0.8042549718420982,0.4874268561700936,0.2517865890534628,0.2406255784980022,0.91,xjtu
w/o_class_weight,proposed/ablation,10,800,177,623,0.71125,0.3977272727272727,0.5932203389830508,0.4761904761904761,0.5401234567901234,0.6719355043483781,0.4346907321977159,0.2401046544452336,0.1721346892602742,0.8200000000000001,xjtu
w/_rolling_stats,proposed/ablation,1,800,177,623,0.73625,0.4279661016949153,0.5706214689265536,0.4891041162227603,0.534957627118644,0.7417090622194412,0.4191081267174119,0.2749626506875582,0.2924191778153181,0.98,xjtu
w/_rolling_stats,proposed/ablation,2,800,177,623,0.72875,0.4180327868852459,0.576271186440678,0.4845605700712589,0.5357142857142857,0.6954548339998731,0.4012358817799074,0.3509579919405463,0.4442560802400112,0.94,xjtu
w/_rolling_stats,proposed/ablation,3,800,177,623,0.72125,0.4094488188976378,0.5875706214689266,0.482598607888631,0.5405405405405406,0.6356249603250175,0.3627309376796683,0.3543804177401574,0.4346350253373384,0.97,xjtu
w/_rolling_stats,proposed/ablation,4,800,177,623,0.72875,0.4166666666666667,0.5649717514124294,0.4796163069544364,0.5274261603375527,0.7516754178342447,0.3783471883682027,0.2844316681358066,0.3136837472766637,0.98,xjtu
w/_rolling_stats,proposed/ablation,5,800,177,623,0.71125,0.40625,0.6610169491525424,0.5032258064516129,0.5873493975903614,0.7328037289949306,0.4126274570443605,0.2855999688943123,0.305191975068301,0.94,xjtu
w/_rolling_stats,proposed/ablation,6,800,177,623,0.72125,0.4087301587301587,0.5819209039548022,0.4801864801864802,0.5364583333333334,0.6605544522131839,0.4096035860151467,0.3765169085774198,0.4678070100396871,0.97,xjtu
w/_rolling_stats,proposed/ablation,7,800,177,623,0.7375,0.4273127753303964,0.5480225988700564,0.4801980198019802,0.5187165775401069,0.666449021048145,0.3892938733238609,0.379477772806266,0.4700998533517122,0.98,xjtu
w/_rolling_stats,proposed/ablation,8,800,177,623,0.72375,0.4133858267716535,0.5932203389830508,0.4872389791183295,0.5457380457380457,0.6656509871135656,0.3779736803775362,0.2824330212014417,0.3064137310534716,0.97,xjtu
w/_rolling_stats,proposed/ablation,9,800,177,623,0.72375,0.4105691056910569,0.5706214689265536,0.4775413711583924,0.5293501048218029,0.7444160295998041,0.4345559020861364,0.2997669266191055,0.329740498336032,0.97,xjtu
w/_rolling_stats,proposed/ablation,10,800,177,623,0.7225,0.4089068825910931,0.5706214689265536,0.4764150943396226,0.5287958115183246,0.6510914020912116,0.3867454086436153,0.3853698345289127,0.4777861677855253,0.97,xjtu
lstm,deep baseline,1,800,177,623,0.3975,0.2329246935201401,0.751412429378531,0.355614973262032,0.5199374511336982,0.6221581376789909,0.3413139574669276,0.4621574765100679,0.5259640779346227,0.5,xjtu
lstm,deep baseline,2,800,177,623,0.70625,0.3801652892561983,0.519774011299435,0.4391408114558472,0.4842105263157895,0.7276074398527265,0.3370946310225959,0.2834788844426448,0.3079317373596132,0.98,xjtu
lstm,deep baseline,3,800,177,623,0.71625,0.4177631578947368,0.7175141242937854,0.5280665280665281,0.6274703557312253,0.7052352839821893,0.5785215495513891,0.4068284719518445,0.5036126866936683,0.8300000000000001,xjtu
lstm,deep baseline,4,800,177,623,0.7225,0.422680412371134,0.6949152542372882,0.5256410256410257,0.6156156156156156,0.6164358716253595,0.290484404303168,0.3181109280056559,0.3867043903470039,0.97,xjtu
lstm,deep baseline,5,800,177,623,0.51,0.2755741127348643,0.7457627118644068,0.4024390243902439,0.5560235888795282,0.4078406834072422,0.1780518827420645,0.4850681752974549,0.5412301697954536,0.5,xjtu
lstm,deep baseline,6,800,177,623,0.67375,0.3727272727272727,0.6949152542372882,0.4852071005917159,0.5924855491329479,0.7357102048589385,0.3321065442019461,0.3159300778870657,0.3267956974171102,0.97,xjtu
lstm,deep baseline,7,800,177,623,0.51,0.2755741127348643,0.7457627118644068,0.4024390243902439,0.5560235888795282,0.5276727335382829,0.2244414568684614,0.487615701488245,0.5357930004596709,0.47,xjtu
lstm,deep baseline,8,800,177,623,0.72,0.4224422442244224,0.7231638418079096,0.5333333333333333,0.6330365974282888,0.7372609298909051,0.3973032448587056,0.2911550533441649,0.3190873404592275,0.95,xjtu
lstm,deep baseline,9,800,177,623,0.7275,0.4280701754385965,0.6892655367231638,0.5281385281385281,0.6143001007049346,0.6803193949451806,0.3077772321536052,0.2845824461053127,0.3209332547336816,0.97,xjtu
lstm,deep baseline,10,800,177,623,0.71875,0.4189189189189189,0.7005649717514124,0.5243128964059197,0.6175298804780877,0.6860824695522848,0.3398459318759547,0.3323175548477733,0.4144378946349024,0.97,xjtu
bilstm,deep baseline,1,800,177,623,0.74625,0.4444444444444444,0.5875706214689266,0.5060827250608273,0.5520169851380042,0.690779987485377,0.3990712536404015,0.3285413752066122,0.3855961975827813,0.98,xjtu
bilstm,deep baseline,2,800,177,623,0.7125,0.3976833976833976,0.5819209039548022,0.4724770642201835,0.532574974146846,0.6475138522367622,0.4607021261185443,0.4130432131479006,0.4969503997266292,0.95,xjtu
bilstm,deep baseline,3,800,177,623,0.69375,0.3859060402684564,0.6497175141242938,0.4842105263157895,0.5715705765407555,0.63663157131068,0.3967463893373926,0.4349345203467835,0.5140748126059771,0.86,xjtu
bilstm,deep baseline,4,800,177,623,0.72125,0.4122137404580153,0.6101694915254238,0.4920273348519362,0.5567010309278351,0.6288598090159698,0.3261657110727596,0.2900659808737634,0.3347718112170695,0.96,xjtu
bilstm,deep baseline,5,800,177,623,0.7125,0.4043321299638989,0.632768361581921,0.4933920704845815,0.5685279187817259,0.6504611366542427,0.5071533020139951,0.4218504907736221,0.4971845716983079,0.88,xjtu
bilstm,deep baseline,6,800,177,623,0.73625,0.4397163120567376,0.7005649717514124,0.5403050108932462,0.6262626262626263,0.7246964297049995,0.3238107258025799,0.2841392600825756,0.3202796998620033,0.92,xjtu
bilstm,deep baseline,7,800,177,623,0.71125,0.4075342465753425,0.672316384180791,0.5074626865671642,0.595,0.6581784875443226,0.5007748875664083,0.3980677685283572,0.4858392951637507,0.86,xjtu
bilstm,deep baseline,8,800,177,623,0.72,0.4048582995951417,0.5649717514124294,0.4716981132075472,0.5235602094240838,0.647101232418315,0.4142445315518991,0.4626792850697652,0.5309752767533064,0.91,xjtu
bilstm,deep baseline,9,800,177,623,0.73875,0.4344262295081967,0.5988700564971752,0.503562945368171,0.5567226890756303,0.6887214226768597,0.3277974497633955,0.3060142959071097,0.3374645045399665,0.98,xjtu
bilstm,deep baseline,10,800,177,623,0.71125,0.4021739130434782,0.6271186440677966,0.4900662251655629,0.5640243902439024,0.6532270497229553,0.4850750635472444,0.4322046521445344,0.5199714662134647,0.9,xjtu
gru,deep baseline,1,800,177,623,0.73375,0.4174311926605504,0.5141242937853108,0.4607594936708861,0.4913606911447084,0.6432289541221173,0.4056678568663308,0.4018720194083539,0.4810239386558532,0.97,xjtu
gru,deep baseline,2,800,177,623,0.7225,0.4124513618677042,0.5988700564971752,0.488479262672811,0.5492227979274611,0.6560247027777022,0.5362018366360729,0.4790853847908027,0.5333664874732493,0.96,xjtu
gru,deep baseline,3,800,177,623,0.74375,0.4421487603305785,0.6045197740112994,0.5107398568019093,0.5631578947368421,0.7780830862148707,0.4593728028129218,0.2864777362024742,0.3288913736492395,0.97,xjtu
gru,deep baseline,4,800,177,623,0.21875,0.2178841309823677,0.9774011299435028,0.3563336766220391,0.5758988015978695,0.6444940192797745,0.4809930325464046,0.5003826848766012,0.5508104574680329,0.48,xjtu
gru,deep baseline,5,800,177,623,0.7175,0.4061302681992337,0.5988700564971752,0.4840182648401826,0.5469556243550051,0.6413472263786489,0.4676078406832493,0.4761020654482739,0.5275585957989096,0.93,xjtu
gru,deep baseline,6,800,177,623,0.74125,0.4324324324324324,0.5423728813559322,0.4812030075187969,0.5161290322580645,0.6496494998685056,0.467518703985013,0.4677881629371447,0.5240401540696622,0.93,xjtu
gru,deep baseline,7,800,177,623,0.715,0.4105263157894737,0.6610169491525424,0.5064935064935064,0.5891238670694864,0.6611257719618032,0.5185808252806384,0.4028219296690766,0.4869385866075754,0.88,xjtu
gru,deep baseline,8,800,177,623,0.27625,0.2061403508771929,0.7966101694915254,0.3275261324041811,0.5064655172413793,0.6506107680169764,0.4278838930602036,0.4820300203650562,0.5384672228619456,0.49,xjtu
gru,deep baseline,9,800,177,623,0.73625,0.430327868852459,0.5932203389830508,0.498812351543943,0.5514705882352942,0.6656509871135656,0.4786352084819778,0.3833650287114489,0.4699103462323546,0.89,xjtu
gru,deep baseline,10,800,177,623,0.735,0.4308300395256917,0.615819209039548,0.5069767441860465,0.5671175858480749,0.6535263124484225,0.4572103066147657,0.4692882347013906,0.5211835216358304,0.96,xjtu
transformer,deep baseline,1,800,177,623,0.75125,0.4612676056338028,0.7401129943502824,0.5683297180043384,0.6602822580645161,0.7399497601363912,0.515945344454591,0.3352153853350524,0.3755694745108485,0.96,xjtu
transformer,deep baseline,2,800,177,623,0.695,0.3763837638376384,0.576271186440678,0.4553571428571428,0.5209397344228804,0.6935731062564047,0.4739333674268514,0.3459311584489222,0.3698798745684325,0.93,xjtu
transformer,deep baseline,3,800,177,623,0.73875,0.4416058394160584,0.6836158192090396,0.5365853658536586,0.6160896130346232,0.7190739178931904,0.5163636454420846,0.3563439517803443,0.3765400452539325,0.97,xjtu
transformer,deep baseline,4,800,177,623,0.675,0.3804034582132565,0.7457627118644068,0.5038167938931297,0.6255924170616114,0.6892746052906024,0.4383931514927358,0.3301917313530836,0.4176665116846562,0.5,xjtu
transformer,deep baseline,5,800,177,623,0.71375,0.4177215189873418,0.7457627118644068,0.5354969574036511,0.64453125,0.7921212286095166,0.4758051722810315,0.3098059767688261,0.3761817400529981,0.7000000000000001,xjtu
transformer,deep baseline,6,800,177,623,0.72375,0.4153846153846154,0.6101694915254238,0.494279176201373,0.5578512396694215,0.7537249140753235,0.6092529884585846,0.3477124158203283,0.3431971621513366,0.96,xjtu
transformer,deep baseline,7,800,177,623,0.74375,0.4520547945205479,0.7457627118644068,0.5628997867803838,0.66,0.6481939947946423,0.3787515265294312,0.4224479729057798,0.4685795790702104,0.95,xjtu
transformer,deep baseline,8,800,177,623,0.7475,0.4567474048442906,0.7457627118644068,0.5665236051502146,0.6619859578736209,0.7713723463104534,0.476041868537482,0.3477661843731485,0.4466664288565516,0.97,xjtu
transformer,deep baseline,9,800,177,623,0.73,0.4356435643564356,0.7457627118644068,0.55,0.6528189910979229,0.6704618621396378,0.3761617398481578,0.4349670753014959,0.4580122365057468,0.97,xjtu
transformer,deep baseline,10,800,177,623,0.725,0.4234875444839858,0.672316384180791,0.519650655021834,0.6016177957532861,0.736422087402853,0.5045077460099985,0.302651241085123,0.3515036689117551,0.97,xjtu
tcn,deep baseline,1,800,177,623,0.51125,0.2761506276150627,0.7457627118644068,0.4030534351145038,0.5564924114671164,0.7645119750433025,0.6545355297440851,0.3988841419396558,0.5023998282104731,0.54,xjtu
tcn,deep baseline,2,800,177,623,0.75375,0.4635036496350365,0.7175141242937854,0.5631929046563193,0.6466395112016293,0.6976947701571583,0.6003801129423252,0.4194497713229634,0.5225167460739613,0.95,xjtu
tcn,deep baseline,3,800,177,623,0.7475,0.4548736462093863,0.711864406779661,0.5550660792951542,0.6395939086294417,0.7336516400504212,0.6418023341232159,0.3930987050895345,0.4934281504154205,0.92,xjtu
tcn,deep baseline,4,800,177,623,0.4725,0.2602739726027397,0.751412429378531,0.3866279069767442,0.5455291222313372,0.712449329379438,0.6077843879427052,0.4479994900517626,0.5371810261160135,0.56,xjtu
tcn,deep baseline,5,800,177,623,0.75125,0.4615384615384615,0.7457627118644068,0.5701943844492441,0.6639839034205232,0.865717187655866,0.6290409982177979,0.2863796166225026,0.3154522677883505,0.59,xjtu
tcn,deep baseline,6,800,177,623,0.8,0.5367965367965368,0.7005649717514124,0.6078431372549019,0.6602768903088392,0.7175912071170117,0.6540278669521237,0.3953975951160038,0.5055340156704188,0.98,xjtu
tcn,deep baseline,7,800,177,623,0.7575,0.4679245283018868,0.7005649717514124,0.5610859728506787,0.6372045220966084,0.7333795830272691,0.6760635248078659,0.4378719549128266,0.5337509516626597,0.98,xjtu
tcn,deep baseline,8,800,177,623,0.755,0.4654545454545454,0.7231638418079096,0.5663716814159292,0.6510681586978637,0.7249140753235211,0.6714203890633331,0.3869423052024547,0.4908835323899984,0.96,xjtu
tcn,deep baseline,9,800,177,623,0.76375,0.4769230769230769,0.7005649717514124,0.5675057208237986,0.640495867768595,0.7192915635117121,0.6493767487633779,0.4105781440548889,0.5129118952155114,0.98,xjtu
tcn,deep baseline,10,800,177,623,0.7375,0.4429065743944637,0.7231638418079096,0.5493562231759657,0.641925777331996,0.6958266452648476,0.6188861095945641,0.4363268268265241,0.5332506614178418,0.9,xjtu
patchtst,deep baseline,1,800,177,623,0.51625,0.2794117647058823,0.751412429378531,0.4073506891271056,0.5616554054054054,0.5175794179793418,0.2050131381611813,0.4066036967355865,0.4427331336587667,0.34,xjtu
patchtst,deep baseline,2,800,177,623,0.71625,0.4060150375939849,0.6101694915254238,0.4875846501128668,0.5544147843942505,0.6977174415757542,0.3273622068888867,0.2533664116691541,0.2302710928069427,0.6,xjtu
patchtst,deep baseline,3,800,177,623,0.7,0.2519685039370078,0.1807909604519774,0.2105263157894736,0.1916167664670658,0.6268193813423295,0.3078092991593809,0.271592415685111,0.2428079883567989,0.88,xjtu
patchtst,deep baseline,4,800,177,623,0.53125,0.2857142857142857,0.7457627118644068,0.4131455399061033,0.5641025641025641,0.5019769477015715,0.2005703148814093,0.4250761445644329,0.480493820682168,0.6900000000000001,xjtu
patchtst,deep baseline,5,800,177,623,0.795,0.5263157894736842,0.7344632768361582,0.6132075471698113,0.680628272251309,0.7740385051373435,0.6255357029316461,0.1805897484939491,0.1843106395471841,0.59,xjtu
patchtst,deep baseline,6,800,177,623,0.71,0.0,0.0,0.0,0.0,0.5125917058882208,0.2033650985656054,0.4257514980929285,0.474457333907485,0.92,xjtu
patchtst,deep baseline,7,800,177,623,0.47,0.2829525483304042,0.9096045197740112,0.4316353887399464,0.6303837118245889,0.5595306109493883,0.2248952669855347,0.4216616154387255,0.4785511849075555,0.43,xjtu
patchtst,deep baseline,8,800,177,623,0.74125,0.4292452830188679,0.5141242937853108,0.467866323907455,0.4945652173913043,0.6846768415993326,0.4753108408249979,0.276863818899979,0.2990333598712459,0.75,xjtu
patchtst,deep baseline,9,800,177,623,0.43125,0.0206896551724137,0.0338983050847457,0.025695931477516,0.0300601202404809,0.4505808417444296,0.1899274085363815,0.4145238711811803,0.4641724808886647,0.89,xjtu
patchtst,deep baseline,10,800,177,623,0.6525,0.3519061583577713,0.6779661016949152,0.4633204633204633,0.5719733079122974,0.7283329252477987,0.4604264014002341,0.3803272944053582,0.4108269160613417,0.86,xjtu
timesnet,deep baseline,1,800,177,623,0.74875,0.4583333333333333,0.7457627118644068,0.567741935483871,0.6626506024096386,0.722383945008207,0.4094346339544343,0.3094671457502478,0.3608234309731051,0.8300000000000001,xjtu
timesnet,deep baseline,2,800,177,623,0.6325,0.3464566929133858,0.7457627118644068,0.4731182795698925,0.6060606060606061,0.7056615066517943,0.3526249212639184,0.3491134099071584,0.3935410004761069,0.68,xjtu
timesnet,deep baseline,3,800,177,623,0.665,0.3688760806916426,0.7231638418079096,0.4885496183206106,0.6066350710900474,0.6713188417625668,0.3106610059106569,0.3437747247683687,0.3613895057048648,0.79,xjtu
timesnet,deep baseline,4,800,177,623,0.745,0.4536082474226804,0.7457627118644068,0.5641025641025641,0.6606606606606606,0.7038024503269219,0.3414969940761937,0.3141856808946715,0.3653011067211628,0.77,xjtu
timesnet,deep baseline,5,800,177,623,0.74125,0.4482758620689655,0.7344632768361582,0.556745182012848,0.6513026052104208,0.7050629812008598,0.3407163219529805,0.3490396256421385,0.3916748675890267,0.93,xjtu
timesnet,deep baseline,6,800,177,623,0.73875,0.4436619718309859,0.711864406779661,0.5466377440347071,0.6350806451612904,0.701571582737075,0.4027113285749675,0.335918196647696,0.3776609474048018,0.89,xjtu
timesnet,deep baseline,7,800,177,623,0.74375,0.4520547945205479,0.7457627118644068,0.5628997867803838,0.66,0.6833256250510108,0.322920201395424,0.2884979644013717,0.3388652093098789,0.75,xjtu
timesnet,deep baseline,8,800,177,623,0.75125,0.4615384615384615,0.7457627118644068,0.5701943844492441,0.6639839034205232,0.7118553382122226,0.3772343253135999,0.2491844877764401,0.2862256738473661,0.66,xjtu
timesnet,deep baseline,9,800,177,623,0.7425,0.447653429602888,0.7005649717514124,0.5462555066079295,0.6294416243654822,0.6900363649554281,0.3222786524399549,0.3678344220769519,0.4038725821580738,0.9,xjtu
timesnet,deep baseline,10,800,177,623,0.77625,0.4959677419354839,0.6949152542372882,0.5788235294117647,0.643305439330544,0.7115651440541937,0.3609684652734128,0.2784009184632321,0.3315133746154606,0.92,xjtu
full,proposed/ablation,1,1128,329,799,0.6347517730496454,0.4397677793904209,0.9209726443768997,0.5952848722986247,0.7556109725685786,0.8669955986015955,0.7886682344315813,0.1538145212315034,0.11679252414759381,0.15000000000000002,ur3
full,proposed/ablation,2,1128,329,799,0.6702127659574468,0.462738301559792,0.8115501519756839,0.5894039735099338,0.705229793977813,0.834336994191067,0.7618988677270638,0.17314355172246915,0.1413510855260893,0.26,ur3
full,proposed/ablation,3,1128,329,799,0.5079787234042553,0.3701149425287356,0.9787234042553191,0.5371142618849041,0.7365050320219579,0.8113675529061783,0.7124615226415597,0.16844766127034425,0.1324157955270287,0.17,ur3
full,proposed/ablation,4,1128,329,799,0.48847517730496454,0.35941043083900226,0.9635258358662614,0.523534269199009,0.7211101000909919,0.7933549155289096,0.6966775287199992,0.2218413548612559,0.2218518185277357,0.2,ur3
full,proposed/ablation,5,1128,329,799,0.7340425531914894,0.5315904139433552,0.7416413373860182,0.6192893401015228,0.6873239436619718,0.8337511555097368,0.7741578873063297,0.17928273067513703,0.1533703489546129,0.46,ur3
full,proposed/ablation,6,1128,329,799,0.5283687943262412,0.38016528925619836,0.9787234042553191,0.5476190476190477,0.7443365695792881,0.8039913113276093,0.6835379574100428,0.21000319973800036,0.22917688558710378,0.29000000000000004,ur3
full,proposed/ablation,7,1128,329,799,0.5443262411347518,0.38868832731648617,0.9817629179331308,0.5568965517241379,0.7522123893805309,0.8465064613441574,0.7645035569197229,0.18387796888065083,0.22865195383469686,0.29000000000000004,ur3
full,proposed/ablation,8,1128,329,799,0.5132978723404256,0.37149532710280375,0.9665653495440729,0.5367088607594936,0.7320441988950276,0.8205545685906777,0.7217523454529118,0.21074652597815333,0.2446130257469754,0.25,ur3
full,proposed/ablation,9,1128,329,799,0.5735815602836879,0.4010416666666667,0.9361702127659575,0.5615314494074749,0.7389635316698656,0.855739126796033,0.7951314889517528,0.17226385333465136,0.15947784049806338,0.13,ur3
full,proposed/ablation,10,1128,329,799,0.6657801418439716,0.4597315436241611,0.8328267477203647,0.5924324324324325,0.7165271966527197,0.8393166229823755,0.7500307426322851,0.17671679874934995,0.1535837591001566,0.2,ur3
proposed_lite,proposed/ablation,1,1128,329,799,0.5797872340425532,0.40215924426450744,0.9057750759878419,0.5570093457943925,0.7243558580456976,0.8293839944307284,0.7397527499979997,0.2332912466768383,0.22979899623979488,0.19,ur3
proposed_lite,proposed/ablation,2,1128,329,799,0.6285460992907801,0.4305555555555556,0.8480243161094225,0.5711361310133061,0.710285132382892,0.8310045611725904,0.7523851942629556,0.1795315830752529,0.1578784542726287,0.29000000000000004,ur3
proposed_lite,proposed/ablation,3,1128,329,799,0.6888297872340425,0.4812286689419795,0.8571428571428571,0.6163934426229508,0.7413249211356467,0.855271216680425,0.7865896065509782,0.17564829854184072,0.16804944302437577,0.35000000000000003,ur3
proposed_lite,proposed/ablation,4,1128,329,799,0.6108156028368794,0.4231843575418994,0.9209726443768997,0.5799043062200957,0.7455708661417323,0.8283378539283527,0.7157482151897463,0.2641841884890138,0.28143360529834704,0.43,ur3
proposed_lite,proposed/ablation,5,1128,329,799,0.5709219858156028,0.4007682458386684,0.9513677811550152,0.563963963963964,0.7463042441583214,0.8626702831426822,0.7948420710132333,0.18156624466318766,0.17564734220768966,0.16,ur3
proposed_lite,proposed/ablation,6,1128,329,799,0.7411347517730497,0.5406593406593406,0.7477203647416414,0.6275510204081632,0.6945228684359119,0.8262607895127267,0.7407989243756754,0.1398166038811103,0.05971204453801855,0.22,ur3
proposed_lite,proposed/ablation,7,1128,329,799,0.6551418439716312,0.4504950495049505,0.8297872340425532,0.5839572192513369,0.7101977107180021,0.833857671633615,0.7640844292986023,0.24641587241509497,0.2428727085827619,0.47000000000000003,ur3
proposed_lite,proposed/ablation,8,1128,329,799,0.2916666666666667,0.2916666666666667,1.0,0.45161290322580644,0.6730769230769231,0.7908441783232081,0.6837128967265717,0.20223545936447562,0.2149404472810157,0.01,ur3
proposed_lite,proposed/ablation,9,1128,329,799,0.5877659574468085,0.40684931506849314,0.9027355623100304,0.5609065155807366,0.7258064516129032,0.8324501371395094,0.7534585566720017,0.1942389449521415,0.1944298357405561,0.27,ur3
proposed_lite,proposed/ablation,10,1128,329,799,0.5567375886524822,0.38996138996138996,0.9209726443768997,0.5479204339963833,0.7238413760152891,0.8103290206983654,0.7211808172250925,0.18597291400694083,0.15762001941152284,0.16,ur3
full,proposed/ablation,1,10196,332,9864,0.9792075323656336,0.6167315175097277,0.9548192771084337,0.7494089834515366,0.8604777415852335,0.9941633932322965,0.8628679456013888,0.011439953301374525,0.008730135895132347,0.19,cmapss_fd001
full,proposed/ablation,2,10196,332,9864,0.9841114162416634,0.7248677248677249,0.8253012048192772,0.7718309859154929,0.8030480656506448,0.9938610891253579,0.8706029474323617,0.013140503012266491,0.013881466011246377,0.68,cmapss_fd001
full,proposed/ablation,3,10196,332,9864,0.9813652412710867,0.6510638297872341,0.9216867469879518,0.7630922693266833,0.8509454949944383,0.9889167375096493,0.851903080683126,0.011485942684498218,0.010172482406122778,0.32,cmapss_fd001
full,proposed/ablation,4,10196,332,9864,0.9840133385641427,0.6817204301075269,0.9548192771084337,0.795483061480552,0.8839933073061907,0.9964111311425752,0.9076581813686011,0.01120059640919066,0.012065030356175633,0.44,cmapss_fd001
full,proposed/ablation,5,10196,332,9864,0.980090231463319,0.6319018404907976,0.9307228915662651,0.7527405602923264,0.8503026967528894,0.9900929753075564,0.8425601128631119,0.013899326372642915,0.01740157782617502,0.48000000000000004,cmapss_fd001
full,proposed/ablation,6,10196,332,9864,0.9821498626912515,0.6752336448598131,0.8704819277108434,0.7605263157894737,0.8228929384965832,0.99114523788585,0.8513830622276356,0.013004852868928536,0.010753305554452065,0.53,cmapss_fd001
full,proposed/ablation,7,10196,332,9864,0.973519027069439,0.5553571428571429,0.9367469879518072,0.6973094170403588,0.8236228813559322,0.9903729883035793,0.8131034512068684,0.01784858594439792,0.019025881155973125,0.41000000000000003,cmapss_fd001
full,proposed/ablation,8,10196,332,9864,0.9852883483719106,0.7486338797814208,0.8253012048192772,0.7851002865329513,0.8087367178276269,0.9949759500288258,0.8718094259562299,0.012808457094846412,0.014009996394716492,0.73,cmapss_fd001
full,proposed/ablation,9,10196,332,9864,0.9828364064338957,0.6957605985037406,0.8403614457831325,0.7612551159618008,0.8068247541931752,0.9894352348567017,0.8613784833662961,0.01621659534087837,0.019355956109502987,0.76,cmapss_fd001
full,proposed/ablation,10,10196,332,9864,0.9828364064338957,0.6717724288840262,0.9246987951807228,0.7782002534854245,0.8599439775910365,0.9956077350765593,0.8730256890778754,0.012446976839235938,0.012485389693371807,0.52,cmapss_fd001
proposed_lite,proposed/ablation,1,10196,332,9864,0.980090231463319,0.6375266524520256,0.9006024096385542,0.7465667915106118,0.8319421257651641,0.993026241217913,0.831068687037205,0.01600194223491928,0.017721406101655082,0.5800000000000001,cmapss_fd001
proposed_lite,proposed/ablation,2,10196,332,9864,0.9768536681051393,0.5967741935483871,0.891566265060241,0.714975845410628,0.8114035087719298,0.9892083540976558,0.8251847654263176,0.015833018707628606,0.015065231042990457,0.33,cmapss_fd001
proposed_lite,proposed/ablation,3,10196,332,9864,0.9799921537857984,0.635593220338983,0.9036144578313253,0.746268656716418,0.8333333333333334,0.9939285731734724,0.8411481744297282,0.017398043340365793,0.018601469100372487,0.68,cmapss_fd001
proposed_lite,proposed/ablation,4,10196,332,9864,0.9772459788152217,0.5972762645914397,0.9246987951807228,0.7257683215130024,0.8333333333333334,0.9929999804571082,0.847633654955317,0.015201870112728557,0.012878398818361052,0.23,cmapss_fd001
proposed_lite,proposed/ablation,5,10196,332,9864,0.9692036092585328,0.5144694533762058,0.963855421686747,0.6708595387840671,0.8205128205128205,0.9887451264913669,0.7317724123813942,0.016629895729301278,0.017077485819437813,0.15000000000000002,cmapss_fd001
proposed_lite,proposed/ablation,6,10196,332,9864,0.9820517850137309,0.6752941176470588,0.8644578313253012,0.7582562747688243,0.8185966913861951,0.9899583125690108,0.8115640888378284,0.013053806784863523,0.01179469908915004,0.4,cmapss_fd001
proposed_lite,proposed/ablation,7,10196,332,9864,0.9765594350725775,0.6031042128603105,0.8192771084337349,0.6947637292464879,0.7644744238336144,0.9841412486930692,0.7868307255198743,0.0165495593396987,0.021394782506364986,0.51,cmapss_fd001
proposed_lite,proposed/ablation,8,10196,332,9864,0.9807767752059631,0.6399176954732511,0.9367469879518072,0.7603911980440098,0.8572216097023153,0.9929535660891742,0.865702772278795,0.014027833347458565,0.016104680985846605,0.39,cmapss_fd001
proposed_lite,proposed/ablation,9,10196,332,9864,0.9821498626912515,0.6838235294117647,0.8403614457831325,0.754054054054054,0.8035714285714286,0.9920307751688018,0.8424812515220435,0.014991737656766686,0.01953775476780857,0.68,cmapss_fd001
proposed_lite,proposed/ablation,10,10196,332,9864,0.9846018046292664,0.7058823529411765,0.9036144578313253,0.7926023778071334,0.8556759840273817,0.9940974359726008,0.861262095999327,0.013295897766035639,0.01554864650062333,0.6900000000000001,cmapss_fd001
full,proposed/ablation,1,13696,291,13405,0.9896320093457944,0.6795180722891566,0.9690721649484536,0.7988668555240793,0.8929702343255225,0.9981647613151474,0.9250080148027494,0.010562037307874137,0.016071009235462026,0.73,cmapss_fd003
full,proposed/ablation,2,13696,291,13405,0.9921875,0.764367816091954,0.9140893470790378,0.8325508607198748,0.8796296296296297,0.9890313790181896,0.9246837740239809,0.007200888121520548,0.009528116071234305,0.7100000000000001,cmapss_fd003
full,proposed/ablation,3,13696,291,13405,0.9844480140186916,0.5826271186440678,0.9450171821305842,0.7208387942332897,0.8404645476772616,0.986573712686065,0.8784512111192457,0.009437245884581506,0.012210307222579946,0.26,cmapss_fd003
full,proposed/ablation,4,13696,291,13405,0.9896320093457944,0.6876574307304786,0.9381443298969072,0.7936046511627907,0.874439461883408,0.9931527831718944,0.9206772880043109,0.007877295048866636,0.00848377144396853,0.55,cmapss_fd003
full,proposed/ablation,5,13696,291,13405,0.9889748831775701,0.6643192488262911,0.9725085910652921,0.7894002789400278,0.889937106918239,0.9976838411066291,0.9318094292473876,0.00907789756234184,0.010980547153364833,0.55,cmapss_fd003
full,proposed/ablation,6,13696,291,13405,0.9882447429906542,0.6504629629629629,0.9656357388316151,0.7773167358229599,0.8803258145363408,0.997245732025415,0.9124290628692614,0.00867317404525959,0.013771212504329116,0.52,cmapss_fd003
full,proposed/ablation,7,13696,291,13405,0.9904351635514018,0.7105263157894737,0.9278350515463918,0.8047690014903129,0.8743523316062176,0.9926418695388575,0.8659424520604941,0.009546932007599403,0.0173838404350314,0.67,cmapss_fd003
full,proposed/ablation,8,13696,291,13405,0.9904351635514018,0.7072538860103627,0.9381443298969072,0.8064992614475628,0.8806451612903226,0.9954151077135653,0.9188164837894675,0.008613905355692194,0.011701551206990918,0.67,cmapss_fd003
full,proposed/ablation,9,13696,291,13405,0.9913843457943925,0.7382920110192838,0.9209621993127147,0.8195718654434251,0.8775376555337263,0.9950977413925921,0.9227891307805955,0.007373325117909957,0.008422514220817169,0.72,cmapss_fd003
full,proposed/ablation,10,13696,291,13405,0.9902891355140186,0.7025641025641025,0.9415807560137457,0.8046989720998532,0.8815958815958816,0.9913108792815933,0.9031577182097572,0.006859633621132857,0.0058054459064959,0.28,cmapss_fd003
proposed_lite,proposed/ablation,1,13696,291,13405,0.9811623831775701,0.5320388349514563,0.9415807560137457,0.6799007444168734,0.8159618820726623,0.9932348164697227,0.8619392630984417,0.013515064562908102,0.01732815511388814,0.44,cmapss_fd003
proposed_lite,proposed/ablation,2,13696,291,13405,0.9860543224299065,0.6131221719457014,0.9312714776632303,0.7394270122783083,0.8437110834371109,0.9920584077080536,0.8520176161728614,0.013291506753212513,0.03357853139990017,0.6,cmapss_fd003
proposed_lite,proposed/ablation,3,13696,291,13405,0.990581191588785,0.7109375,0.9381443298969072,0.8088888888888889,0.8817829457364341,0.992412432658994,0.892132869805281,0.007942440710126161,0.00817219861981476,0.55,cmapss_fd003
proposed_lite,proposed/ablation,4,13696,291,13405,0.9903621495327103,0.7033248081841432,0.9450171821305842,0.8064516129032258,0.8842443729903537,0.9948685608667843,0.9207267538984999,0.00728719768336323,0.008315317800309873,0.54,cmapss_fd003
proposed_lite,proposed/ablation,5,13696,291,13405,0.9832797897196262,0.5630081300813008,0.9518900343642611,0.7075351213282248,0.836352657004831,0.9851927333879368,0.9168914121074103,0.009440983079246727,0.011237616608090424,0.2,cmapss_fd003
proposed_lite,proposed/ablation,6,13696,291,13405,0.9883907710280374,0.6578947368421053,0.9450171821305842,0.7757404795486601,0.8691529709228825,0.989550752335065,0.8816622939448155,0.008362084116355988,0.011599789187359726,0.47000000000000003,cmapss_fd003
proposed_lite,proposed/ablation,7,13696,291,13405,0.985981308411215,0.6087912087912087,0.9518900343642611,0.7426273458445041,0.8554663372452131,0.99401541456937,0.8902393706527516,0.012679210324931635,0.021886018986942108,0.67,cmapss_fd003
proposed_lite,proposed/ablation,8,13696,291,13405,0.9886098130841121,0.6626506024096386,0.9450171821305842,0.7790368271954674,0.8708043065231159,0.9920740453054523,0.871729775242463,0.009255250939228037,0.013328302223246248,0.51,cmapss_fd003
proposed_lite,proposed/ablation,9,13696,291,13405,0.9899240654205608,0.6917293233082706,0.9484536082474226,0.8,0.8829174664107485,0.9938718562981704,0.9193599590143032,0.01080890593293045,0.014475791541142518,0.77,cmapss_fd003
proposed_lite,proposed/ablation,10,13696,291,13405,0.9908732476635514,0.7255434782608695,0.9175257731958762,0.8103186646433991,0.8714099216710183,0.994283817265702,0.8763196296165592,0.007662034853579423,0.011338014324401312,0.61,cmapss_fd003
full,proposed/ablation,1,800,177,623,0.74625,0.44298245614035087,0.5706214689265536,0.49876543209876545,0.5395299145299145,0.6624769885101249,0.4052979899166545,0.31414691027444447,0.38969568029046053,0.98,xjtu
full,proposed/ablation,2,800,177,623,0.46375,0.25390625,0.7344632768361582,0.37735849056603776,0.5327868852459017,0.6420999174760363,0.42095937931507366,0.48865568756286615,0.5489309582114219,0.53,xjtu
full,proposed/ablation,3,800,177,623,0.7,0.38869257950530034,0.6214689265536724,0.4782608695652174,0.5549949545913219,0.6407577694951528,0.408359245308458,0.43445751914813363,0.5214738285541535,0.93,xjtu
full,proposed/ablation,4,800,177,623,0.2425,0.19831223628691982,0.7966101694915254,0.31756756756756754,0.49682875264270615,0.6277897180582381,0.4093812260078659,0.48805166645246023,0.5384711574018002,0.48000000000000004,xjtu
full,proposed/ablation,5,800,177,623,0.66375,0.35714285714285715,0.6497175141242938,0.46092184368737477,0.558252427184466,0.6896645536904537,0.43233514675387874,0.39137135337129186,0.4767487331852317,0.87,xjtu
full,proposed/ablation,6,800,177,623,0.76875,0.47701149425287354,0.4689265536723164,0.47293447293447294,0.47052154195011336,0.6365136799339809,0.40710126953578124,0.48809351455259464,0.5301829177886248,0.98,xjtu
full,proposed/ablation,7,800,177,623,0.41,0.23518850987432674,0.7401129943502824,0.3569482288828338,0.5177865612648221,0.6136064785845782,0.3627059645763939,0.4805030226389065,0.5388820441067219,0.51,xjtu
full,proposed/ablation,8,800,177,623,0.5,0.27010309278350514,0.7401129943502824,0.3957703927492447,0.5490360435875943,0.6428208685873893,0.4272749193624216,0.4927391642747573,0.5425536537915467,0.49,xjtu
full,proposed/ablation,9,800,177,623,0.50375,0.2708333333333333,0.7344632768361582,0.395738203957382,0.5471380471380471,0.6318479019869232,0.42200123645032217,0.5047084438111751,0.5598043686151505,0.54,xjtu
full,proposed/ablation,10,800,177,623,0.7375,0.43037974683544306,0.576271186440678,0.4927536231884058,0.5396825396825397,0.6460810185814947,0.3756106894533457,0.4344180416792897,0.45827582798898225,0.98,xjtu
proposed_lite,proposed/ablation,1,800,177,623,0.71625,0.40875912408759124,0.632768361581921,0.49667405764966743,0.570264765784114,0.6695958139492705,0.3659628700975163,0.3393641075641547,0.4232095768302679,0.9500000000000001,xjtu
proposed_lite,proposed/ablation,2,800,177,623,0.71625,0.4015748031496063,0.576271186440678,0.4733178654292343,0.5301455301455301,0.625295862012678,0.3922279036458321,0.44572412990460025,0.5258790294080973,0.8200000000000001,xjtu
proposed_lite,proposed/ablation,3,800,177,623,0.71625,0.4015748031496063,0.576271186440678,0.4733178654292343,0.5301455301455301,0.6273181525514415,0.38782976330562724,0.43787502918257887,0.5133252657204866,0.9,xjtu
proposed_lite,proposed/ablation,4,800,177,623,0.70125,0.38345864661654133,0.576271186440678,0.4604966139954853,0.5236139630390144,0.6241350853805624,0.385451090676536,0.4965554587448892,0.5561055975407362,0.9500000000000001,xjtu
proposed_lite,proposed/ablation,5,800,177,623,0.7125,0.39846743295019155,0.5875706214689266,0.4748858447488584,0.5366357069143447,0.6321698361309864,0.3884811182929767,0.39521456223693036,0.4808376073092222,0.85,xjtu
proposed_lite,proposed/ablation,6,800,177,623,0.7275,0.41350210970464135,0.5536723163841808,0.47342995169082125,0.5185185185185185,0.6216593664698787,0.37832550347239774,0.48740732044401097,0.5545420363545418,0.93,xjtu
proposed_lite,proposed/ablation,7,800,177,623,0.715,0.40077821011673154,0.5819209039548022,0.47465437788018433,0.533678756476684,0.6361962800736366,0.4295070021846469,0.40271281314095037,0.4863416022062302,0.81,xjtu
proposed_lite,proposed/ablation,8,800,177,623,0.695,0.38408304498269896,0.6271186440677966,0.47639484978540775,0.5566700100300903,0.6639506307188653,0.4038665111359787,0.46925615185170755,0.5507201037555933,0.79,xjtu
proposed_lite,proposed/ablation,9,800,177,623,0.22125,0.22125,1.0,0.3623336745138178,0.5868700265251989,0.6244887595106601,0.4027561120154145,0.46431191813135597,0.5349469889700413,0.53,xjtu
proposed_lite,proposed/ablation,10,800,177,623,0.69625,0.3795620437956204,0.5875706214689266,0.4611973392461197,0.5295315682281059,0.6686980257728686,0.3866866953546231,0.4025201802979829,0.4897285450994968,0.8300000000000001,xjtu
